"source","target","weight"
3,1,1
483,1,1
536,1,1
496,3,1
922,3,1
1477,3,1
1495,3,1
1147,4,1
1233,4,1
634,5,1
1443,5,1
296,6,1
1155,6,1
251,7,1
979,7,1
1117,7,1
30,8,1
39,8,1
62,8,1
97,8,1
189,8,1
230,8,1
303,8,1
450,8,1
647,8,1
14,9,1
30,9,1
39,9,1
62,9,1
97,9,1
189,9,1
230,9,1
303,9,1
450,9,1
647,9,1
70,10,1
769,10,1
779,10,1
928,10,1
1361,10,1
621,11,1
1063,11,1
1100,11,1
1295,11,1
1444,11,1
210,12,1
457,12,1
8,13,1
9,13,1
14,13,1
40,13,1
155,13,1
524,13,1
586,13,1
620,13,1
1082,13,1
1397,13,1
1474,13,1
604,15,1
946,15,1
25,16,1
92,16,1
694,16,1
1110,16,1
1183,16,1
1289,16,1
1521,16,1
88,17,1
1367,17,1
74,18,1
110,18,1
171,18,1
231,18,1
426,19,1
752,19,1
918,19,1
1449,19,1
25,20,1
864,20,1
1006,20,1
17,21,1
233,21,1
506,21,1
527,21,1
995,21,1
25,22,1
644,22,1
25,23,1
151,23,1
929,23,1
1068,23,1
1155,23,1
1447,23,1
96,24,1
113,24,1
176,24,1
227,24,1
475,24,1
738,24,1
768,24,1
990,24,1
1394,24,1
258,25,1
575,26,1
634,26,1
989,26,1
994,26,1
87,27,1
119,27,1
1108,27,1
1176,27,1
1260,27,1
1374,27,1
306,28,1
315,28,1
629,28,1
959,28,1
960,28,1
1089,28,1
157,29,1
36,30,1
59,30,1
72,30,1
97,30,1
162,30,1
299,30,1
450,30,1
514,30,1
661,30,1
751,30,1
896,30,1
1049,30,1
1122,30,1
1249,30,1
1323,30,1
495,31,1
573,31,1
1010,32,1
409,33,1
441,33,1
451,33,1
674,33,1
979,33,1
1176,33,1
1181,33,1
1316,33,1
1533,33,1
295,34,1
326,34,1
499,34,1
1228,34,1
1416,35,1
1433,35,1
249,36,1
694,36,1
1128,36,1
1503,36,1
368,37,1
980,37,1
1315,37,1
55,38,1
473,38,1
199,39,1
616,39,1
1014,39,1
374,40,1
418,40,1
1123,40,1
1141,40,1
1361,40,1
184,41,1
244,41,1
801,41,1
1112,41,1
78,42,1
118,42,1
170,42,1
327,42,1
361,42,1
593,42,1
664,42,1
666,42,1
694,42,1
727,42,1
1029,42,1
1513,42,1
1534,42,1
818,43,1
825,43,1
981,43,1
994,43,1
1268,43,1
1506,43,1
652,44,1
1117,44,1
1406,44,1
50,45,1
992,45,1
1277,45,1
1299,45,1
1346,45,1
1468,45,1
480,46,1
756,46,1
1216,46,1
1388,46,1
316,47,1
419,47,1
623,47,1
1320,47,1
261,48,1
691,48,1
861,48,1
919,48,1
1201,48,1
1299,48,1
1509,48,1
47,49,1
404,49,1
731,49,1
1021,49,1
45,50,1
155,50,1
318,50,1
385,50,1
992,50,1
1083,50,1
1315,50,1
1468,50,1
257,51,1
455,51,1
625,51,1
763,51,1
1262,51,1
1349,51,1
1440,51,1
291,52,1
594,52,1
688,52,1
806,52,1
577,53,1
866,53,1
1466,53,1
145,54,1
226,54,1
449,54,1
589,54,1
718,54,1
1034,54,1
1053,54,1
1196,55,1
1342,55,1
1443,55,1
104,57,1
1267,58,1
1306,58,1
200,59,1
390,59,1
471,59,1
672,59,1
921,59,1
1372,59,1
1382,59,1
1471,59,1
1527,59,1
188,60,1
334,60,1
497,60,1
642,60,1
857,60,1
1289,60,1
1504,60,1
937,61,1
1119,61,1
1160,61,1
1184,61,1
1235,61,1
1398,61,1
587,62,1
804,62,1
1299,62,1
1379,62,1
1384,62,1
791,63,1
61,65,1
432,65,1
523,65,1
1160,65,1
36,67,1
61,67,1
69,67,1
218,67,1
845,67,1
60,68,1
289,68,1
850,68,1
1167,69,1
1364,69,1
1398,69,1
74,70,1
83,70,1
441,70,1
459,70,1
464,70,1
542,70,1
636,70,1
654,70,1
667,70,1
822,70,1
1110,70,1
222,71,1
366,71,1
755,71,1
1375,71,1
176,72,1
1411,72,1
218,73,1
1465,73,1
70,74,1
132,74,1
387,74,1
667,74,1
694,74,1
1008,74,1
335,75,1
601,75,1
644,75,1
881,75,1
529,76,1
1463,76,1
546,77,1
752,77,1
823,77,1
827,77,1
1286,77,1
253,78,1
74,79,1
1408,79,1
753,80,1
981,80,1
1055,80,1
1183,80,1
1304,80,1
1377,81,1
139,82,1
382,82,1
565,82,1
622,82,1
658,82,1
1329,82,1
1412,82,1
87,83,1
494,83,1
1247,83,1
1256,83,1
1317,83,1
1426,83,1
1459,83,1
200,84,1
696,84,1
758,84,1
1168,84,1
1195,84,1
1267,84,1
539,85,1
1205,85,1
1235,85,1
1251,85,1
1367,85,1
1401,85,1
245,86,1
607,86,1
704,86,1
711,86,1
883,86,1
1243,86,1
1474,86,1
166,87,1
789,87,1
991,87,1
1057,87,1
1174,87,1
17,88,1
1193,88,1
1336,88,1
44,89,1
306,89,1
1117,89,1
1265,89,1
1498,89,1
403,90,1
361,91,1
379,91,1
393,92,1
1110,92,1
210,93,1
1517,93,1
629,95,1
643,95,1
855,95,1
1305,95,1
1422,95,1
1443,95,1
227,96,1
313,96,1
752,96,1
768,96,1
990,96,1
1266,96,1
1411,96,1
8,97,1
9,97,1
30,97,1
72,97,1
74,97,1
201,97,1
262,97,1
297,97,1
299,97,1
303,97,1
317,97,1
514,97,1
526,97,1
548,97,1
660,97,1
680,97,1
751,97,1
896,97,1
951,97,1
1001,97,1
1123,97,1
1215,97,1
1328,97,1
1472,97,1
1536,97,1
5,98,1
142,99,1
359,99,1
726,100,1
740,100,1
853,100,1
944,100,1
1055,100,1
1137,100,1
1540,100,1
604,101,1
1237,101,1
1030,102,1
1031,103,1
1133,104,1
1529,104,1
99,105,1
209,105,1
358,105,1
1140,105,1
1345,105,1
1376,105,1
409,106,1
577,106,1
738,106,1
918,106,1
1183,106,1
619,107,1
815,107,1
1164,107,1
1402,107,1
186,108,1
464,108,1
509,108,1
533,108,1
575,108,1
676,108,1
868,108,1
1210,109,1
18,110,1
582,110,1
655,110,1
1475,110,1
188,111,1
223,111,1
426,111,1
870,111,1
1286,111,1
1512,111,1
31,112,1
150,112,1
258,112,1
771,112,1
1244,112,1
1331,112,1
186,113,1
216,113,1
227,113,1
313,113,1
383,113,1
475,113,1
568,113,1
620,113,1
677,113,1
768,113,1
838,113,1
1278,113,1
1394,113,1
1182,114,1
1230,114,1
1363,115,1
490,116,1
706,116,1
523,117,1
919,117,1
965,117,1
1403,117,1
80,118,1
203,118,1
215,118,1
220,118,1
593,118,1
814,118,1
894,118,1
923,118,1
1506,118,1
27,119,1
542,119,1
838,119,1
918,119,1
1337,119,1
1374,119,1
72,120,1
109,120,1
353,120,1
446,120,1
661,120,1
680,120,1
757,120,1
920,120,1
965,120,1
968,120,1
1366,120,1
1428,120,1
1480,120,1
1535,120,1
1536,120,1
805,121,1
950,121,1
617,122,1
1311,122,1
1526,122,1
1305,123,1
219,125,1
419,125,1
563,125,1
1200,125,1
1232,125,1
1263,125,1
1354,125,1
1452,125,1
920,126,1
605,127,1
18,128,1
66,128,1
110,128,1
224,128,1
672,128,1
1223,128,1
1457,128,1
247,129,1
1180,129,1
165,130,1
1384,130,1
158,131,1
803,131,1
805,131,1
950,131,1
1021,131,1
1100,131,1
477,132,1
505,132,1
762,132,1
1068,132,1
419,133,1
1028,133,1
1077,133,1
1421,133,1
284,134,1
363,135,1
1059,135,1
1549,135,1
1392,136,1
1402,136,1
393,137,1
440,138,1
797,138,1
1376,138,1
658,139,1
1329,139,1
115,140,1
442,140,1
557,141,1
563,141,1
144,142,1
262,142,1
61,143,1
66,143,1
631,143,1
1160,143,1
145,144,1
1415,144,1
144,145,1
229,145,1
423,145,1
594,145,1
478,146,1
741,146,1
749,146,1
803,146,1
1191,146,1
1313,146,1
1095,148,1
386,149,1
759,149,1
1100,149,1
1141,149,1
1465,149,1
31,150,1
112,150,1
207,150,1
258,150,1
293,150,1
502,150,1
573,150,1
723,150,1
738,150,1
1087,150,1
1541,150,1
20,151,1
297,151,1
672,151,1
780,151,1
864,151,1
29,152,1
157,152,1
220,152,1
416,152,1
424,152,1
533,152,1
538,152,1
892,152,1
903,152,1
1066,152,1
1075,152,1
1129,152,1
1214,152,1
1219,152,1
1417,152,1
331,153,1
458,153,1
565,153,1
604,153,1
1079,153,1
740,154,1
1186,154,1
1398,154,1
283,155,1
385,155,1
720,156,1
875,156,1
1006,156,1
1401,156,1
44,157,1
1219,157,1
343,158,1
561,158,1
1100,158,1
1396,158,1
80,159,1
185,159,1
404,159,1
840,159,1
613,160,1
618,160,1
905,160,1
1111,160,1
1448,160,1
825,161,1
164,162,1
450,162,1
835,162,1
921,162,1
975,162,1
1151,162,1
1223,162,1
1312,162,1
105,163,1
268,164,1
277,164,1
386,164,1
466,164,1
829,164,1
834,164,1
835,164,1
921,164,1
975,164,1
1151,164,1
1165,164,1
1246,164,1
130,165,1
366,165,1
510,165,1
1039,165,1
1367,165,1
1384,165,1
87,166,1
1057,166,1
1132,166,1
1356,166,1
441,168,1
635,168,1
667,168,1
695,168,1
1060,168,1
1108,168,1
197,169,1
210,169,1
255,169,1
730,169,1
98,170,1
350,170,1
376,170,1
629,170,1
747,170,1
1197,170,1
363,172,1
424,172,1
995,172,1
1134,172,1
1208,172,1
1071,173,1
265,174,1
309,174,1
459,174,1
558,174,1
631,174,1
842,174,1
1119,174,1
1464,174,1
864,175,1
72,176,1
113,176,1
186,176,1
308,176,1
661,176,1
677,176,1
723,176,1
768,176,1
937,176,1
951,176,1
956,176,1
988,176,1
990,176,1
1158,176,1
1202,176,1
489,177,1
1053,177,1
734,178,1
1126,178,1
1135,178,1
1413,179,1
1469,179,1
976,180,1
1283,180,1
86,181,1
199,181,1
250,181,1
263,181,1
277,181,1
418,181,1
461,181,1
16,182,1
226,182,1
358,182,1
412,182,1
683,182,1
743,182,1
872,182,1
918,182,1
1034,182,1
1133,182,1
1220,182,1
1337,182,1
1349,182,1
213,183,1
237,183,1
440,183,1
41,184,1
537,184,1
801,184,1
1013,184,1
1112,184,1
159,185,1
404,185,1
1220,185,1
96,186,1
108,186,1
113,186,1
313,186,1
509,186,1
663,186,1
768,186,1
785,186,1
951,186,1
1062,186,1
1085,186,1
1158,186,1
1214,186,1
1344,186,1
111,188,1
223,188,1
652,188,1
766,188,1
823,188,1
1265,188,1
1286,188,1
1512,188,1
298,189,1
446,189,1
450,189,1
560,189,1
600,189,1
686,189,1
920,189,1
130,190,1
386,190,1
524,190,1
640,190,1
996,190,1
997,190,1
1121,190,1
92,191,1
257,191,1
361,191,1
681,191,1
1110,191,1
573,192,1
578,192,1
630,192,1
1394,192,1
751,193,1
896,193,1
918,193,1
951,193,1
1049,193,1
1163,193,1
1316,193,1
1472,193,1
48,194,1
683,194,1
811,194,1
1270,194,1
1484,194,1
1509,194,1
1359,195,1
221,196,1
548,196,1
654,196,1
957,196,1
1122,196,1
1131,196,1
1176,196,1
1181,196,1
185,197,1
997,197,1
1142,197,1
317,198,1
896,198,1
1472,198,1
181,199,1
233,199,1
250,199,1
367,199,1
492,199,1
637,199,1
1261,199,1
357,200,1
763,200,1
58,201,1
205,201,1
297,201,1
299,201,1
607,201,1
1215,201,1
996,202,1
1508,202,1
28,203,1
170,203,1
320,203,1
664,203,1
901,203,1
1182,203,1
1302,203,1
1507,203,1
120,205,1
201,205,1
660,205,1
1049,205,1
1059,205,1
1163,205,1
1215,205,1
1127,206,1
1170,206,1
1252,206,1
1525,206,1
417,207,1
501,207,1
502,207,1
556,207,1
676,207,1
685,207,1
814,207,1
850,207,1
911,207,1
1202,207,1
1479,207,1
1541,207,1
589,209,1
12,210,1
320,210,1
404,210,1
658,210,1
1218,210,1
28,211,1
55,211,1
315,211,1
389,211,1
472,211,1
934,211,1
983,211,1
1210,211,1
1314,211,1
1404,211,1
1443,211,1
1469,211,1
1483,211,1
288,212,1
471,212,1
902,212,1
1262,212,1
73,213,1
253,213,1
528,213,1
1106,213,1
1367,213,1
102,214,1
204,214,1
306,214,1
389,214,1
519,214,1
520,214,1
807,214,1
986,214,1
1105,214,1
1138,214,1
1230,214,1
118,215,1
278,215,1
883,215,1
894,215,1
940,215,1
1391,215,1
207,216,1
1034,216,1
1278,216,1
1541,216,1
43,218,1
67,218,1
73,218,1
149,218,1
215,218,1
386,218,1
1277,218,1
1313,218,1
1474,218,1
167,219,1
574,219,1
687,219,1
780,219,1
818,219,1
1354,219,1
152,220,1
203,220,1
325,220,1
740,220,1
1417,220,1
196,221,1
760,221,1
1311,221,1
401,222,1
108,223,1
188,223,1
251,223,1
546,223,1
1124,223,1
1286,223,1
46,224,1
1457,224,1
13,225,1
401,225,1
524,225,1
600,225,1
718,225,1
763,225,1
1209,225,1
1212,225,1
1374,225,1
1496,225,1
497,226,1
683,226,1
743,226,1
1316,226,1
1514,226,1
113,227,1
304,227,1
308,227,1
383,227,1
677,227,1
80,228,1
1304,228,1
1532,228,1
265,229,1
593,229,1
8,230,1
303,230,1
524,230,1
1076,231,1
228,233,1
111,234,1
313,234,1
321,234,1
570,234,1
652,234,1
833,234,1
836,234,1
870,234,1
1076,234,1
1124,234,1
1154,234,1
245,235,1
788,235,1
929,235,1
438,236,1
693,236,1
968,236,1
1187,236,1
1253,236,1
1535,236,1
651,238,1
781,238,1
1153,238,1
1193,238,1
1478,238,1
666,239,1
712,239,1
1199,239,1
1495,239,1
915,242,1
1318,242,1
1336,242,1
1548,242,1
1549,242,1
184,244,1
1118,246,1
1195,246,1
1331,246,1
1449,246,1
129,247,1
309,248,1
572,248,1
36,249,1
272,249,1
62,250,1
86,250,1
181,250,1
186,250,1
199,250,1
225,250,1
263,250,1
277,250,1
317,250,1
401,250,1
418,250,1
567,250,1
637,250,1
661,250,1
951,250,1
1001,250,1
1042,250,1
1187,250,1
1261,250,1
1328,250,1
1383,250,1
1451,250,1
546,251,1
999,251,1
1389,251,1
549,252,1
1170,252,1
1161,253,1
521,254,1
847,254,1
949,254,1
1231,254,1
1248,254,1
1489,254,1
169,255,1
283,255,1
316,255,1
1055,255,1
1513,255,1
1346,256,1
191,257,1
316,257,1
455,257,1
846,257,1
25,258,1
112,258,1
702,258,1
771,258,1
1189,258,1
1200,258,1
1460,258,1
815,259,1
895,261,1
54,262,1
221,262,1
263,262,1
951,262,1
1053,262,1
1353,262,1
181,263,1
229,263,1
262,263,1
461,263,1
526,263,1
661,263,1
668,263,1
805,263,1
1162,263,1
1353,263,1
1383,263,1
1480,263,1
147,264,1
241,264,1
328,264,1
419,264,1
794,264,1
924,264,1
1283,264,1
1333,264,1
1476,264,1
125,265,1
174,265,1
1362,265,1
1371,265,1
1419,265,1
1464,265,1
1515,265,1
60,266,1
70,266,1
87,266,1
344,266,1
387,266,1
459,266,1
496,266,1
529,266,1
585,266,1
610,266,1
681,266,1
746,266,1
763,266,1
779,266,1
877,266,1
928,266,1
1007,266,1
1017,266,1
1074,266,1
1216,266,1
1237,266,1
1289,266,1
1356,266,1
1361,266,1
1510,266,1
1519,266,1
1550,266,1
505,267,1
1157,267,1
164,268,1
829,268,1
975,268,1
1165,268,1
1527,268,1
425,269,1
435,269,1
466,269,1
468,269,1
722,269,1
792,269,1
795,269,1
816,269,1
939,269,1
975,269,1
1177,269,1
1312,269,1
1418,269,1
1526,269,1
1527,269,1
78,270,1
169,270,1
316,270,1
404,270,1
442,270,1
730,270,1
910,270,1
1319,270,1
1349,270,1
1454,270,1
249,272,1
269,272,1
429,272,1
451,272,1
535,272,1
577,272,1
1298,272,1
1356,272,1
643,273,1
809,273,1
927,273,1
1182,273,1
1303,273,1
484,274,1
513,274,1
547,274,1
900,274,1
1359,274,1
277,275,1
377,275,1
967,275,1
1124,275,1
465,276,1
583,276,1
735,276,1
907,276,1
967,276,1
366,277,1
433,277,1
576,277,1
1014,277,1
220,278,1
235,278,1
530,278,1
759,278,1
1125,278,1
1171,278,1
1528,278,1
322,279,1
401,279,1
741,279,1
992,279,1
1296,279,1
1429,279,1
1465,279,1
1041,280,1
1071,280,1
105,281,1
433,281,1
435,281,1
466,281,1
745,281,1
1022,281,1
1418,281,1
1544,281,1
173,282,1
155,283,1
219,283,1
255,283,1
270,283,1
385,283,1
553,283,1
862,283,1
914,283,1
992,283,1
1354,283,1
1460,283,1
134,284,1
1311,284,1
325,285,1
503,285,1
566,285,1
747,285,1
1069,285,1
1250,286,1
361,287,1
657,287,1
212,288,1
446,288,1
610,288,1
1384,288,1
221,289,1
344,289,1
616,289,1
799,289,1
1501,289,1
1530,289,1
798,290,1
970,290,1
165,291,1
616,291,1
765,291,1
948,291,1
1047,291,1
1243,291,1
507,293,1
716,293,1
664,294,1
815,294,1
1454,294,1
34,295,1
481,295,1
712,295,1
878,295,1
1139,295,1
1378,295,1
696,296,1
963,296,1
151,297,1
166,297,1
201,297,1
233,297,1
299,297,1
771,297,1
1251,297,1
1323,297,1
319,298,1
1251,298,1
8,299,1
9,299,1
30,299,1
74,299,1
97,299,1
186,299,1
201,299,1
297,299,1
514,299,1
751,299,1
786,299,1
896,299,1
1049,299,1
1122,299,1
1323,299,1
1328,299,1
1480,299,1
1498,299,1
686,300,1
343,301,1
1140,301,1
324,302,1
1120,302,1
1392,302,1
8,303,1
9,303,1
230,303,1
512,303,1
535,303,1
625,303,1
1093,303,1
2,304,1
96,304,1
227,304,1
307,304,1
417,304,1
470,304,1
472,304,1
475,304,1
509,304,1
520,304,1
597,304,1
608,304,1
713,304,1
752,304,1
1059,304,1
1102,304,1
1146,304,1
1270,304,1
1394,304,1
1397,304,1
1419,304,1
1457,304,1
652,305,1
653,305,1
684,305,1
1254,305,1
1278,305,1
28,306,1
214,306,1
629,306,1
986,306,1
1099,306,1
1105,306,1
1138,306,1
1230,306,1
1406,306,1
1214,307,1
1512,307,1
176,308,1
383,308,1
501,308,1
568,308,1
677,308,1
1085,308,1
1266,308,1
1394,308,1
15,309,1
157,309,1
248,309,1
324,309,1
592,309,1
983,309,1
1102,309,1
1112,309,1
1120,309,1
1219,309,1
1398,309,1
146,310,1
231,310,1
488,310,1
1052,310,1
1096,310,1
1175,310,1
1296,310,1
1520,310,1
15,313,1
96,313,1
108,313,1
113,313,1
186,313,1
227,313,1
338,313,1
768,313,1
800,313,1
838,313,1
946,313,1
951,313,1
1085,313,1
1173,313,1
1344,313,1
1273,314,1
1332,314,1
1545,314,1
28,315,1
472,315,1
545,315,1
871,315,1
983,315,1
1406,315,1
1426,315,1
846,316,1
1196,316,1
718,317,1
1472,317,1
854,318,1
1029,318,1
298,319,1
806,319,1
849,319,1
1047,319,1
1065,319,1
102,320,1
389,320,1
790,320,1
359,321,1
866,321,1
907,321,1
946,321,1
967,321,1
1124,321,1
1258,321,1
279,322,1
363,322,1
699,322,1
821,322,1
902,322,1
302,324,1
309,324,1
840,324,1
959,324,1
1120,324,1
1248,324,1
220,325,1
1359,325,1
34,326,1
529,326,1
860,326,1
928,326,1
953,326,1
1237,326,1
1481,326,1
118,327,1
442,327,1
593,327,1
666,327,1
679,327,1
971,327,1
1534,327,1
972,328,1
976,328,1
1333,328,1
1425,328,1
318,329,1
641,329,1
773,329,1
817,329,1
818,329,1
900,329,1
1319,329,1
1470,329,1
332,331,1
458,331,1
565,331,1
640,331,1
647,331,1
810,331,1
976,331,1
153,332,1
331,332,1
458,332,1
565,332,1
620,332,1
640,332,1
810,332,1
883,332,1
1023,332,1
1125,332,1
1160,332,1
1273,332,1
1391,332,1
1528,332,1
204,333,1
592,333,1
1099,333,1
1422,333,1
569,334,1
577,334,1
762,334,1
48,335,1
75,335,1
83,335,1
405,335,1
484,335,1
601,335,1
798,335,1
821,335,1
881,335,1
971,335,1
533,336,1
1286,336,1
631,337,1
655,337,1
822,337,1
1,338,1
533,338,1
652,338,1
1140,338,1
853,340,1
1137,340,1
1445,340,1
982,341,1
1051,342,1
158,343,1
302,343,1
31,344,1
495,344,1
496,344,1
692,344,1
822,344,1
1289,344,1
1377,344,1
1443,344,1
1510,344,1
121,345,1
343,345,1
950,345,1
443,346,1
923,346,1
1286,346,1
841,348,1
1104,348,1
1486,348,1
133,349,1
142,349,1
228,349,1
1137,349,1
1532,349,1
675,350,1
492,351,1
1083,351,1
1294,351,1
1367,351,1
599,352,1
915,352,1
81,353,1
310,353,1
488,353,1
680,353,1
773,353,1
1000,353,1
1092,353,1
1096,353,1
1165,353,1
1175,353,1
1366,353,1
1428,353,1
1450,353,1
1474,353,1
1520,353,1
1545,353,1
17,354,1
424,354,1
881,354,1
712,355,1
1392,355,1
1402,355,1
303,356,1
512,356,1
535,356,1
693,356,1
746,356,1
200,357,1
243,357,1
392,357,1
566,357,1
814,357,1
932,357,1
1114,357,1
1171,357,1
1173,357,1
1319,357,1
1333,357,1
1378,357,1
1546,357,1
1140,358,1
1247,358,1
1316,358,1
1345,358,1
545,359,1
1018,359,1
1091,359,1
243,360,1
392,360,1
447,360,1
566,360,1
574,360,1
814,360,1
818,360,1
982,360,1
1114,360,1
1171,360,1
1173,360,1
1319,360,1
1378,360,1
1460,360,1
1546,360,1
657,361,1
974,361,1
1233,361,1
23,362,1
929,362,1
940,362,1
1068,362,1
1173,362,1
135,363,1
506,363,1
1525,363,1
1548,363,1
406,364,1
649,364,1
915,365,1
1184,365,1
71,366,1
165,366,1
390,366,1
621,366,1
845,367,1
37,368,1
318,368,1
385,368,1
847,368,1
1315,368,1
452,369,1
533,369,1
653,369,1
721,369,1
828,369,1
924,369,1
1258,369,1
384,371,1
1172,371,1
1439,371,1
1492,371,1
1204,373,1
491,374,1
638,374,1
1100,374,1
1101,374,1
566,375,1
95,376,1
170,376,1
503,376,1
629,376,1
1210,376,1
1326,376,1
1422,376,1
164,377,1
277,377,1
431,377,1
490,377,1
588,377,1
706,377,1
1143,377,1
1148,377,1
1165,377,1
144,378,1
302,378,1
824,378,1
1170,378,1
1417,378,1
1538,378,1
91,379,1
685,380,1
956,380,1
1018,380,1
67,382,1
82,382,1
210,382,1
331,382,1
565,382,1
658,382,1
1088,382,1
1409,382,1
106,383,1
113,383,1
227,383,1
308,383,1
501,383,1
556,383,1
568,383,1
578,383,1
666,383,1
677,383,1
768,383,1
1202,383,1
1266,383,1
1410,383,1
318,384,1
368,384,1
727,384,1
854,384,1
1172,384,1
1468,384,1
50,385,1
155,385,1
368,385,1
393,385,1
1315,385,1
149,386,1
190,386,1
218,386,1
572,386,1
922,386,1
1096,386,1
1141,386,1
76,387,1
616,387,1
705,387,1
806,387,1
409,388,1
446,388,1
608,388,1
878,388,1
1102,388,1
1379,388,1
210,389,1
214,389,1
316,389,1
320,389,1
551,389,1
71,390,1
503,390,1
575,390,1
755,390,1
71,391,1
621,391,1
878,391,1
243,392,1
530,392,1
825,392,1
932,392,1
1114,392,1
1378,392,1
1546,392,1
406,393,1
704,393,1
1059,393,1
1325,393,1
359,394,1
1324,394,1
1505,394,1
1469,395,1
290,396,1
798,396,1
1005,396,1
1098,396,1
862,397,1
1000,397,1
1070,397,1
1191,397,1
1488,397,1
1524,397,1
1083,398,1
1124,400,1
1375,400,1
1418,400,1
690,402,1
1136,402,1
1423,402,1
1463,402,1
1264,403,1
159,404,1
185,404,1
270,404,1
1256,404,1
456,405,1
393,406,1
815,407,1
1201,407,1
195,408,1
1134,408,1
410,409,1
464,409,1
737,409,1
878,409,1
221,410,1
409,410,1
1131,410,1
1176,410,1
1270,410,1
265,411,1
563,411,1
631,411,1
743,411,1
848,411,1
1362,411,1
1464,411,1
454,412,1
1387,412,1
1526,412,1
531,413,1
669,413,1
1155,413,1
1174,413,1
705,414,1
830,414,1
883,414,1
1298,414,1
1374,414,1
589,416,1
721,416,1
991,416,1
1214,416,1
1539,416,1
112,417,1
475,417,1
485,417,1
573,417,1
738,417,1
827,417,1
970,417,1
971,417,1
1541,417,1
40,418,1
181,418,1
250,418,1
374,418,1
647,418,1
1076,418,1
1187,418,1
1520,418,1
47,419,1
328,419,1
1333,419,1
1499,420,1
1226,421,1
703,422,1
518,423,1
1054,423,1
152,424,1
541,424,1
1355,425,1
1372,425,1
111,426,1
465,426,1
570,426,1
766,426,1
870,426,1
1473,426,1
1080,427,1
1300,427,1
465,428,1
1041,428,1
1054,428,1
1240,428,1
1418,428,1
143,429,1
272,429,1
322,429,1
777,429,1
1298,429,1
1356,429,1
281,430,1
433,430,1
576,430,1
836,430,1
1041,430,1
595,431,1
835,431,1
1207,431,1
65,432,1
1160,432,1
280,433,1
281,433,1
428,433,1
463,433,1
466,433,1
617,433,1
708,433,1
742,433,1
745,433,1
1022,433,1
1035,433,1
63,434,1
367,434,1
223,435,1
599,435,1
1177,435,1
1446,435,1
1422,436,1
18,437,1
247,437,1
262,437,1
1060,437,1
1093,437,1
76,438,1
317,438,1
968,438,1
1215,438,1
1323,438,1
1432,438,1
138,440,1
462,440,1
1376,440,1
1467,440,1
1504,440,1
1530,440,1
185,441,1
197,441,1
272,441,1
567,441,1
654,441,1
777,441,1
800,441,1
979,441,1
1062,441,1
1108,441,1
1122,441,1
1374,441,1
100,442,1
228,442,1
447,442,1
538,442,1
840,442,1
853,442,1
892,442,1
1055,442,1
1066,442,1
1137,442,1
1219,442,1
1445,442,1
346,443,1
927,443,1
1531,444,1
189,446,1
202,446,1
288,446,1
388,446,1
608,446,1
1332,446,1
1366,446,1
43,447,1
84,447,1
442,447,1
555,447,1
1311,447,1
891,448,1
177,449,1
489,449,1
18,450,1
30,450,1
162,450,1
298,450,1
539,450,1
642,450,1
667,450,1
1092,450,1
33,451,1
272,451,1
452,451,1
674,451,1
800,451,1
875,451,1
939,451,1
1181,451,1
1298,451,1
1331,451,1
369,452,1
533,452,1
828,452,1
1258,452,1
586,453,1
612,453,1
920,453,1
968,453,1
1067,453,1
1092,453,1
1187,453,1
1253,453,1
1535,453,1
1284,454,1
1387,454,1
51,455,1
257,455,1
316,455,1
427,455,1
499,455,1
1119,455,1
1363,455,1
1448,456,1
1482,456,1
12,457,1
177,457,1
587,457,1
753,457,1
1489,457,1
153,458,1
1273,458,1
174,459,1
462,459,1
1017,459,1
1184,459,1
1516,459,1
307,460,1
676,460,1
1352,460,1
81,461,1
263,461,1
798,461,1
896,461,1
1015,461,1
1162,461,1
1247,461,1
1353,461,1
1383,461,1
440,462,1
276,463,1
280,463,1
281,463,1
428,463,1
433,463,1
468,463,1
722,463,1
836,463,1
1063,463,1
108,464,1
284,464,1
427,464,1
509,464,1
872,464,1
973,464,1
1263,464,1
1504,464,1
276,465,1
426,465,1
428,465,1
463,465,1
866,465,1
1035,465,1
1041,465,1
280,466,1
433,466,1
463,466,1
588,466,1
722,466,1
742,466,1
836,466,1
1159,466,1
1382,466,1
1527,466,1
1,467,1
311,467,1
314,467,1
367,467,1
491,467,1
616,467,1
692,467,1
746,467,1
784,467,1
791,467,1
845,467,1
922,467,1
1101,467,1
1183,467,1
1200,467,1
1323,467,1
1397,467,1
1413,467,1
1486,467,1
1516,467,1
269,468,1
435,468,1
463,468,1
465,468,1
617,468,1
802,468,1
816,468,1
857,468,1
1035,468,1
1151,468,1
1177,468,1
1312,468,1
1446,468,1
1527,468,1
183,469,1
190,469,1
213,469,1
386,469,1
498,469,1
1493,469,1
113,470,1
227,470,1
417,470,1
475,470,1
685,470,1
951,470,1
957,470,1
990,470,1
1381,470,1
212,471,1
1325,471,1
1461,471,1
423,472,1
871,472,1
1196,473,1
1479,473,1
641,474,1
964,474,1
1014,474,1
1458,474,1
113,475,1
738,475,1
1278,475,1
1302,475,1
370,476,1
132,477,1
352,477,1
777,477,1
49,478,1
146,478,1
1295,478,1
1400,478,1
1235,479,1
53,480,1
599,480,1
829,480,1
870,480,1
1165,480,1
34,481,1
295,481,1
472,481,1
500,482,1
1142,482,1
1274,482,1
1311,482,1
586,483,1
660,483,1
668,483,1
1205,483,1
274,484,1
978,484,1
1415,484,1
327,485,1
427,485,1
442,485,1
445,485,1
596,485,1
666,485,1
690,485,1
1415,485,1
1445,485,1
1534,485,1
343,486,1
793,486,1
740,487,1
310,488,1
353,488,1
374,488,1
491,488,1
531,488,1
621,488,1
638,488,1
1082,488,1
1127,488,1
1175,488,1
1366,488,1
1520,488,1
54,489,1
177,489,1
197,489,1
449,489,1
673,489,1
1053,489,1
1087,489,1
116,490,1
590,490,1
621,490,1
706,490,1
492,491,1
638,491,1
1101,491,1
592,492,1
756,492,1
964,492,1
1180,493,1
1217,493,1
1057,494,1
1285,494,1
31,495,1
239,495,1
323,495,1
653,495,1
723,495,1
899,495,1
1495,495,1
3,496,1
344,496,1
612,496,1
922,496,1
1289,496,1
1495,496,1
60,497,1
174,497,1
743,497,1
848,497,1
102,498,1
790,498,1
1292,498,1
257,499,1
270,499,1
455,499,1
846,499,1
925,499,1
1285,499,1
1349,499,1
1363,499,1
343,500,1
42,501,1
308,501,1
383,501,1
495,501,1
653,501,1
666,501,1
723,501,1
933,501,1
937,501,1
1266,501,1
258,502,1
417,502,1
501,502,1
723,502,1
738,502,1
1121,502,1
350,503,1
267,505,1
763,505,1
1121,505,1
1157,505,1
363,506,1
28,507,1
204,507,1
293,507,1
933,507,1
959,507,1
978,507,1
1,508,1
51,508,1
342,508,1
797,508,1
1185,508,1
1376,508,1
1537,508,1
663,509,1
1,510,1
486,510,1
875,510,1
1185,510,1
1384,510,1
1447,510,1
1188,511,1
1318,511,1
8,512,1
9,512,1
303,512,1
457,512,1
625,512,1
486,513,1
804,513,1
818,513,1
900,513,1
30,514,1
74,514,1
97,514,1
196,514,1
299,514,1
317,514,1
526,514,1
532,514,1
548,514,1
624,514,1
660,514,1
680,514,1
751,514,1
1123,514,1
1215,514,1
1275,514,1
1301,514,1
1323,514,1
1472,514,1
1480,514,1
1536,514,1
204,515,1
536,515,1
630,515,1
675,515,1
933,515,1
986,515,1
999,515,1
1028,515,1
1084,515,1
1426,515,1
83,516,1
470,516,1
475,516,1
652,516,1
1010,517,1
1449,517,1
1498,517,1
423,518,1
478,518,1
583,518,1
712,518,1
841,518,1
850,518,1
1073,518,1
1152,518,1
1498,518,1
214,519,1
389,519,1
643,519,1
675,519,1
1105,519,1
1150,519,1
1230,519,1
254,521,1
847,521,1
840,522,1
102,525,1
735,525,1
802,525,1
807,525,1
954,525,1
1308,525,1
58,526,1
176,526,1
263,526,1
449,526,1
470,526,1
514,526,1
548,526,1
594,526,1
919,526,1
1040,526,1
1106,526,1
1353,526,1
1383,526,1
1423,526,1
1480,526,1
1536,526,1
1540,526,1
21,527,1
73,528,1
213,528,1
253,528,1
684,528,1
948,528,1
371,529,1
384,529,1
454,529,1
681,529,1
727,529,1
802,529,1
854,529,1
926,529,1
1051,529,1
1208,529,1
1460,529,1
1468,529,1
1548,529,1
243,530,1
278,530,1
357,530,1
392,530,1
808,530,1
855,530,1
894,530,1
1125,530,1
1362,530,1
1506,530,1
23,531,1
413,531,1
488,531,1
929,531,1
940,531,1
1155,531,1
1174,531,1
336,533,1
338,533,1
361,533,1
369,533,1
653,533,1
685,533,1
828,533,1
1258,533,1
1344,533,1
1476,533,1
1473,534,1
1,536,1
634,536,1
184,537,1
247,537,1
157,538,1
228,538,1
442,538,1
537,538,1
892,538,1
903,538,1
1066,538,1
1129,538,1
1326,538,1
642,539,1
840,540,1
1054,540,1
441,542,1
1108,542,1
600,543,1
1418,544,1
1502,544,1
69,545,1
315,545,1
550,545,1
703,545,1
871,545,1
1069,545,1
1070,545,1
1245,545,1
1396,545,1
1486,545,1
911,546,1
1344,546,1
1346,546,1
1456,546,1
211,547,1
774,547,1
1111,547,1
1250,547,1
1404,547,1
1456,547,1
196,548,1
304,548,1
470,548,1
526,548,1
594,548,1
624,548,1
654,548,1
661,548,1
1122,548,1
1275,548,1
1301,548,1
1480,548,1
1488,548,1
1543,548,1
252,549,1
248,550,1
545,550,1
871,550,1
473,551,1
758,551,1
911,551,1
83,552,1
141,552,1
219,552,1
956,552,1
988,552,1
1459,552,1
155,553,1
244,553,1
385,553,1
1079,553,1
1191,553,1
1277,553,1
1354,553,1
3,555,1
447,555,1
604,555,1
712,555,1
720,555,1
860,555,1
872,555,1
1128,555,1
1410,555,1
1484,555,1
1505,555,1
207,556,1
723,556,1
738,556,1
937,556,1
1054,556,1
1202,556,1
1483,556,1
83,557,1
87,557,1
141,557,1
527,557,1
821,557,1
1057,557,1
1113,557,1
1160,557,1
1349,557,1
174,558,1
842,558,1
98,559,1
540,559,1
1027,559,1
1439,559,1
189,560,1
446,560,1
1082,560,1
1253,560,1
1288,560,1
1450,560,1
1535,560,1
158,561,1
965,561,1
1055,561,1
1304,561,1
83,562,1
247,562,1
501,562,1
579,562,1
937,562,1
957,562,1
1069,562,1
1202,562,1
1278,562,1
1541,562,1
125,563,1
141,563,1
142,563,1
411,563,1
1517,563,1
334,564,1
153,565,1
331,565,1
382,565,1
1277,565,1
375,566,1
1546,566,1
777,567,1
227,568,1
383,568,1
611,568,1
901,568,1
916,568,1
1039,568,1
1182,568,1
577,569,1
610,569,1
1121,569,1
234,570,1
251,570,1
276,570,1
321,570,1
336,570,1
338,570,1
426,570,1
465,570,1
1135,570,1
1245,570,1
1213,572,1
192,573,1
597,573,1
1302,573,1
281,576,1
430,576,1
792,576,1
921,576,1
1022,576,1
1036,576,1
1151,576,1
1240,576,1
34,577,1
569,577,1
1418,577,1
192,578,1
597,578,1
103,579,1
541,579,1
562,579,1
575,579,1
611,579,1
691,579,1
750,579,1
834,579,1
989,579,1
1204,579,1
1424,579,1
1427,579,1
813,580,1
164,581,1
262,581,1
498,581,1
829,581,1
1165,581,1
1292,581,1
1223,582,1
1475,582,1
234,583,1
518,583,1
580,583,1
735,583,1
967,583,1
325,584,1
788,584,1
1027,584,1
1359,584,1
344,585,1
632,585,1
635,585,1
1153,585,1
1289,585,1
1360,585,1
1361,585,1
1519,585,1
13,586,1
14,586,1
40,586,1
231,586,1
418,586,1
453,586,1
647,586,1
1042,586,1
1067,586,1
1187,586,1
1358,586,1
1520,586,1
699,587,1
377,588,1
390,588,1
420,588,1
466,588,1
536,588,1
580,588,1
836,588,1
866,588,1
967,588,1
1026,588,1
1124,588,1
209,589,1
416,589,1
991,589,1
1057,589,1
116,590,1
431,590,1
490,590,1
706,590,1
819,590,1
835,590,1
836,590,1
1063,590,1
1207,590,1
939,591,1
1404,591,1
1466,591,1
439,592,1
753,592,1
808,592,1
983,592,1
1438,592,1
36,593,1
118,593,1
229,593,1
271,593,1
327,593,1
666,593,1
694,593,1
1362,593,1
1473,593,1
145,594,1
1363,594,1
431,595,1
588,595,1
1026,595,1
1207,595,1
1240,595,1
427,596,1
604,596,1
1080,596,1
1291,596,1
1300,596,1
573,597,1
578,597,1
1302,597,1
825,598,1
1019,598,1
1502,598,1
435,599,1
870,599,1
1190,599,1
1415,599,1
189,600,1
225,600,1
480,600,1
667,600,1
691,600,1
693,600,1
955,600,1
1042,600,1
1056,600,1
1108,600,1
1212,600,1
1301,600,1
1003,601,1
1459,601,1
856,602,1
888,602,1
160,603,1
551,603,1
758,603,1
905,603,1
973,603,1
843,605,1
570,606,1
607,606,1
1307,606,1
914,607,1
72,608,1
388,608,1
409,608,1
446,608,1
450,608,1
624,608,1
654,608,1
939,608,1
1024,608,1
1049,608,1
1102,608,1
1383,608,1
1403,608,1
1404,608,1
233,609,1
435,609,1
1451,609,1
946,611,1
1031,611,1
1095,611,1
663,612,1
920,612,1
1092,612,1
1520,612,1
315,613,1
570,613,1
1380,613,1
636,614,1
1047,614,1
1074,614,1
289,616,1
387,616,1
692,616,1
799,616,1
122,617,1
621,617,1
857,617,1
939,617,1
43,618,1
73,618,1
159,618,1
160,618,1
219,618,1
447,618,1
698,618,1
778,618,1
823,618,1
938,618,1
966,618,1
976,618,1
1353,618,1
80,619,1
107,619,1
1448,619,1
13,620,1
332,620,1
524,620,1
1023,620,1
1082,620,1
1100,620,1
1125,620,1
1474,620,1
1528,620,1
11,621,1
165,621,1
341,621,1
366,621,1
869,621,1
994,621,1
1100,621,1
1295,621,1
637,622,1
658,622,1
909,622,1
1014,622,1
1162,622,1
1329,622,1
1412,622,1
328,623,1
974,623,1
1147,623,1
1305,623,1
1333,623,1
1425,623,1
1162,624,1
1332,624,1
51,625,1
474,625,1
641,625,1
1083,625,1
547,626,1
694,626,1
799,626,1
1457,626,1
818,627,1
1079,627,1
202,628,1
314,628,1
565,628,1
1273,628,1
1545,628,1
28,629,1
170,629,1
507,629,1
4,630,1
337,631,1
348,631,1
840,631,1
1537,631,1
283,632,1
585,632,1
1093,632,1
1458,632,1
195,633,1
785,633,1
5,634,1
536,634,1
728,634,1
168,635,1
577,635,1
585,635,1
610,635,1
616,635,1
695,635,1
781,635,1
930,635,1
1377,635,1
614,636,1
928,636,1
155,637,1
199,637,1
250,637,1
311,637,1
353,637,1
612,637,1
622,637,1
638,637,1
1187,637,1
1397,637,1
356,638,1
491,638,1
746,638,1
1101,638,1
1200,638,1
47,639,1
328,639,1
419,639,1
170,640,1
202,640,1
331,640,1
332,640,1
386,640,1
1218,640,1
1273,640,1
1545,640,1
329,641,1
914,641,1
996,641,1
1458,641,1
539,642,1
1164,642,1
1359,642,1
273,643,1
519,643,1
75,644,1
601,644,1
821,644,1
881,644,1
1231,644,1
979,645,1
1087,645,1
1349,646,1
8,647,1
14,647,1
106,647,1
181,647,1
418,647,1
586,647,1
1042,647,1
1067,647,1
1253,647,1
1535,647,1
142,648,1
190,648,1
853,648,1
976,648,1
983,648,1
1137,648,1
76,649,1
364,649,1
1146,649,1
1481,649,1
644,650,1
339,651,1
904,651,1
1153,651,1
1157,651,1
369,653,1
533,653,1
802,653,1
861,653,1
119,654,1
196,654,1
542,654,1
548,654,1
608,654,1
957,654,1
988,654,1
1108,654,1
1122,654,1
1381,654,1
1527,654,1
1534,654,1
238,655,1
499,655,1
698,655,1
743,655,1
821,655,1
841,655,1
1311,655,1
1498,655,1
328,656,1
1069,656,1
1265,656,1
1441,656,1
1442,656,1
1466,656,1
1233,657,1
12,658,1
82,658,1
139,658,1
210,658,1
382,658,1
565,658,1
640,658,1
1218,658,1
1409,658,1
402,659,1
435,659,1
464,659,1
595,659,1
812,659,1
816,659,1
836,659,1
869,659,1
1139,659,1
1177,659,1
1265,659,1
1446,659,1
394,660,1
483,660,1
514,660,1
661,660,1
693,660,1
1059,660,1
1123,660,1
1260,660,1
1323,660,1
1332,660,1
250,661,1
548,661,1
567,661,1
1275,661,1
1301,661,1
1383,661,1
1543,661,1
34,662,1
339,662,1
897,662,1
1288,662,1
509,663,1
612,663,1
1283,663,1
1333,663,1
98,664,1
515,664,1
335,665,1
426,665,1
546,665,1
827,665,1
1113,665,1
1489,665,1
42,666,1
327,666,1
568,666,1
578,666,1
593,666,1
664,666,1
677,666,1
727,666,1
70,667,1
74,667,1
168,667,1
197,667,1
387,667,1
594,667,1
991,667,1
1060,667,1
1243,667,1
1274,667,1
1404,667,1
263,668,1
483,668,1
1001,668,1
1275,668,1
1353,668,1
1480,668,1
413,669,1
531,669,1
1146,669,1
1155,669,1
1519,669,1
455,670,1
631,670,1
1119,670,1
145,671,1
449,671,1
1423,671,1
1501,671,1
1223,672,1
489,673,1
793,673,1
33,674,1
81,674,1
197,674,1
261,674,1
451,674,1
800,674,1
813,674,1
1170,674,1
1181,674,1
1302,674,1
1331,674,1
320,675,1
350,675,1
999,675,1
207,676,1
833,676,1
977,676,1
1134,676,1
1152,676,1
1158,676,1
42,677,1
113,677,1
150,677,1
176,677,1
192,677,1
216,677,1
227,677,1
304,677,1
308,677,1
383,677,1
475,677,1
573,677,1
666,677,1
680,677,1
723,677,1
768,677,1
956,677,1
1202,677,1
1266,677,1
1278,677,1
1366,677,1
1394,677,1
1410,677,1
205,678,1
514,678,1
1059,678,1
1472,678,1
1536,678,1
320,679,1
340,679,1
905,679,1
1309,679,1
1320,679,1
86,680,1
353,680,1
438,680,1
723,680,1
956,680,1
1301,680,1
1366,680,1
1428,680,1
76,681,1
92,681,1
191,681,1
258,681,1
1110,681,1
1069,682,1
1308,682,1
182,683,1
1024,683,1
760,684,1
973,684,1
1161,684,1
380,685,1
189,686,1
300,686,1
553,686,1
1517,686,1
219,687,1
270,687,1
690,687,1
817,687,1
982,687,1
1382,687,1
52,688,1
171,688,1
1356,688,1
1413,688,1
267,689,1
952,689,1
1098,689,1
1288,689,1
302,690,1
402,690,1
48,691,1
579,691,1
1201,691,1
1301,691,1
344,692,1
467,692,1
491,692,1
777,692,1
928,692,1
1081,692,1
1516,692,1
14,693,1
205,693,1
236,693,1
483,693,1
535,693,1
660,693,1
1082,693,1
1535,693,1
1029,694,1
1332,694,1
1492,694,1
1503,694,1
296,696,1
719,696,1
89,697,1
188,697,1
223,697,1
721,697,1
871,697,1
1117,697,1
1254,697,1
1276,697,1
1518,697,1
411,698,1
563,698,1
797,698,1
848,698,1
938,698,1
966,698,1
1371,698,1
1464,698,1
1537,698,1
28,699,1
702,699,1
919,699,1
298,700,1
689,700,1
1008,700,1
791,701,1
1382,701,1
448,702,1
699,702,1
850,702,1
1117,702,1
1254,702,1
1518,702,1
393,704,1
1325,704,1
291,705,1
387,705,1
635,705,1
763,705,1
781,705,1
806,705,1
835,705,1
1361,705,1
1388,705,1
116,706,1
490,706,1
590,706,1
1207,706,1
136,707,1
1040,707,1
280,708,1
433,708,1
539,708,1
866,708,1
173,709,1
810,709,1
717,710,1
1392,710,1
36,711,1
86,711,1
165,711,1
704,711,1
715,711,1
883,711,1
1332,711,1
1377,711,1
1381,711,1
1384,711,1
355,712,1
710,712,1
334,714,1
711,715,1
883,715,1
293,716,1
594,716,1
1040,716,1
1228,716,1
1363,716,1
1463,716,1
26,717,1
225,717,1
241,717,1
381,717,1
423,717,1
456,717,1
551,717,1
754,717,1
1013,717,1
1027,717,1
1112,717,1
1342,717,1
1534,717,1
213,718,1
317,718,1
762,718,1
988,718,1
1015,718,1
1472,718,1
949,719,1
76,720,1
156,720,1
877,720,1
1006,720,1
280,722,1
281,722,1
466,722,1
588,722,1
617,722,1
795,722,1
833,722,1
880,722,1
882,722,1
1026,722,1
1154,722,1
1207,722,1
1222,722,1
1308,722,1
150,723,1
176,723,1
495,723,1
501,723,1
502,723,1
556,723,1
573,723,1
653,723,1
677,723,1
680,723,1
713,723,1
937,723,1
956,723,1
1202,723,1
1394,723,1
1410,723,1
1411,723,1
131,724,1
553,724,1
992,724,1
1191,724,1
1277,724,1
1454,724,1
166,725,1
1521,725,1
1550,725,1
682,726,1
1069,726,1
1274,726,1
1427,726,1
1441,726,1
1445,726,1
169,727,1
255,727,1
368,727,1
384,727,1
730,727,1
854,727,1
926,727,1
1468,727,1
536,728,1
634,728,1
169,730,1
255,730,1
270,730,1
727,730,1
854,730,1
1513,730,1
478,731,1
1021,731,1
1295,731,1
1339,731,1
1400,731,1
1030,733,1
1146,733,1
178,734,1
1030,735,1
42,736,1
351,736,1
609,736,1
786,736,1
791,736,1
1073,736,1
1269,736,1
1294,736,1
1346,736,1
1549,736,1
753,737,1
808,737,1
1281,737,1
1501,737,1
24,738,1
112,738,1
150,738,1
417,738,1
475,738,1
573,738,1
577,738,1
578,738,1
611,738,1
691,738,1
822,738,1
971,738,1
1300,738,1
42,739,1
351,739,1
712,739,1
786,739,1
1027,739,1
1073,739,1
1549,739,1
154,740,1
1090,740,1
1186,740,1
1525,740,1
49,741,1
146,741,1
279,741,1
553,741,1
572,741,1
731,741,1
980,741,1
1007,741,1
1191,741,1
1277,741,1
1296,741,1
1429,741,1
103,742,1
750,742,1
182,743,1
226,743,1
497,743,1
589,743,1
789,743,1
848,743,1
369,744,1
828,744,1
1126,744,1
1236,744,1
433,745,1
576,745,1
588,745,1
792,745,1
1207,745,1
311,746,1
495,746,1
638,746,1
692,746,1
1007,746,1
1361,746,1
1397,746,1
1413,746,1
436,747,1
25,748,1
396,748,1
1005,748,1
1098,748,1
1512,748,1
146,749,1
741,749,1
803,749,1
978,749,1
1191,749,1
747,750,1
1031,750,1
1352,750,1
97,751,1
532,751,1
1049,751,1
1110,751,1
1272,751,1
96,752,1
439,753,1
592,753,1
737,753,1
808,753,1
717,754,1
972,754,1
1091,754,1
1235,754,1
71,755,1
222,755,1
366,755,1
390,755,1
939,755,1
1009,755,1
1061,755,1
1094,755,1
1375,755,1
791,756,1
1325,756,1
314,757,1
1433,757,1
84,758,1
551,758,1
905,758,1
401,759,1
1096,759,1
1496,759,1
130,760,1
209,760,1
221,760,1
631,760,1
684,760,1
1073,760,1
1311,760,1
1317,760,1
142,761,1
370,761,1
132,762,1
334,762,1
569,762,1
577,762,1
718,762,1
766,762,1
1024,762,1
1540,762,1
182,763,1
200,763,1
604,763,1
705,763,1
1017,763,1
1355,763,1
1361,763,1
770,764,1
1027,764,1
1070,764,1
250,765,1
948,765,1
973,765,1
426,766,1
570,766,1
762,766,1
789,766,1
1102,766,1
1154,766,1
1245,766,1
1278,766,1
1197,767,1
24,768,1
96,768,1
113,768,1
176,768,1
186,768,1
261,768,1
308,768,1
677,768,1
990,768,1
1266,768,1
1394,768,1
156,769,1
326,769,1
860,769,1
867,769,1
1065,769,1
1237,769,1
1353,769,1
1401,769,1
1503,769,1
1521,769,1
112,771,1
529,771,1
727,771,1
867,771,1
1006,771,1
1244,771,1
339,772,1
622,772,1
773,772,1
379,773,1
1264,773,1
547,774,1
911,774,1
933,774,1
1111,774,1
1456,774,1
339,775,1
555,775,1
684,775,1
973,775,1
1161,775,1
1160,776,1
1479,776,1
58,777,1
429,777,1
441,777,1
477,777,1
567,777,1
681,777,1
684,777,1
692,777,1
1184,777,1
43,778,1
73,778,1
618,778,1
698,778,1
797,778,1
966,778,1
1368,778,1
1474,778,1
1488,778,1
1509,778,1
3,779,1
760,779,1
1007,779,1
151,780,1
219,780,1
464,780,1
506,780,1
864,780,1
1354,780,1
238,781,1
635,781,1
830,781,1
1361,781,1
1464,782,1
75,783,1
333,783,1
863,783,1
1117,783,1
195,785,1
408,785,1
633,785,1
974,785,1
1109,786,1
1269,786,1
555,788,1
584,788,1
805,788,1
853,788,1
1318,788,1
1376,788,1
1508,788,1
87,789,1
527,789,1
557,789,1
631,789,1
655,789,1
743,789,1
766,789,1
959,789,1
1174,789,1
1247,789,1
1401,789,1
1467,789,1
1484,789,1
102,790,1
204,790,1
954,790,1
1099,790,1
1105,790,1
1308,790,1
1446,790,1
63,791,1
756,791,1
858,791,1
1100,791,1
1165,791,1
1246,791,1
544,792,1
722,792,1
795,792,1
802,792,1
880,792,1
1207,792,1
1239,792,1
449,793,1
631,793,1
808,793,1
1326,793,1
1423,793,1
1248,794,1
269,795,1
588,795,1
802,795,1
812,795,1
833,795,1
869,795,1
880,795,1
882,795,1
1207,795,1
236,796,1
638,796,1
158,797,1
214,797,1
563,797,1
698,797,1
1232,797,1
1371,797,1
1419,797,1
1440,797,1
1537,797,1
290,798,1
396,798,1
970,798,1
971,798,1
1469,798,1
1487,798,1
246,799,1
289,799,1
370,799,1
613,799,1
616,799,1
1183,799,1
1481,799,1
87,800,1
313,800,1
441,800,1
542,800,1
836,800,1
979,800,1
1062,800,1
41,801,1
155,801,1
244,801,1
1112,801,1
1231,801,1
525,802,1
1039,802,1
131,803,1
146,803,1
271,804,1
909,804,1
1093,804,1
1146,804,1
1218,804,1
121,805,1
518,805,1
790,805,1
950,805,1
52,806,1
387,806,1
1074,806,1
525,807,1
1138,807,1
1164,807,1
1269,807,1
592,808,1
737,808,1
793,808,1
944,808,1
1281,808,1
1415,808,1
1512,808,1
273,809,1
901,809,1
1018,809,1
1411,809,1
235,810,1
278,810,1
620,810,1
709,810,1
759,810,1
1023,810,1
1391,810,1
1528,810,1
1228,811,1
81,813,1
674,813,1
857,813,1
989,813,1
1035,813,1
1312,813,1
1461,813,1
1502,813,1
360,814,1
413,814,1
894,814,1
1202,814,1
1378,814,1
157,815,1
259,815,1
963,815,1
1341,815,1
1402,815,1
1439,815,1
269,816,1
468,816,1
1177,816,1
255,817,1
329,817,1
820,817,1
983,817,1
43,818,1
256,818,1
329,818,1
773,818,1
981,818,1
1461,818,1
277,819,1
341,819,1
553,820,1
22,821,1
48,821,1
125,821,1
335,821,1
601,821,1
644,821,1
1431,821,1
70,822,1
119,822,1
249,822,1
337,822,1
867,822,1
928,822,1
1057,822,1
1102,822,1
1110,822,1
1183,822,1
1263,822,1
1289,822,1
1374,822,1
1510,822,1
195,823,1
507,823,1
597,823,1
870,823,1
1158,823,1
1236,823,1
187,824,1
958,824,1
1433,824,1
161,825,1
339,825,1
384,825,1
707,825,1
857,825,1
981,825,1
1268,825,1
44,826,1
815,826,1
871,826,1
885,826,1
974,826,1
1214,827,1
1530,827,1
1539,827,1
339,828,1
924,828,1
1258,828,1
245,829,1
480,829,1
581,829,1
1165,829,1
1345,829,1
1420,829,1
63,830,1
267,830,1
414,830,1
505,830,1
781,830,1
897,830,1
1157,830,1
1289,830,1
1104,832,1
1405,832,1
676,833,1
795,833,1
834,833,1
852,833,1
1124,833,1
1152,833,1
1239,833,1
575,834,1
967,834,1
1352,834,1
164,835,1
490,835,1
1022,835,1
1466,835,1
425,836,1
466,836,1
588,836,1
1035,836,1
1151,836,1
346,837,1
119,838,1
216,838,1
589,838,1
918,838,1
1337,838,1
427,839,1
840,839,1
1043,839,1
324,840,1
522,840,1
815,840,1
828,840,1
1054,840,1
1120,840,1
1248,840,1
348,841,1
995,841,1
1486,841,1
174,842,1
558,842,1
1464,842,1
605,843,1
1004,843,1
1395,843,1
322,844,1
1448,844,1
367,845,1
401,845,1
492,845,1
1451,845,1
1519,845,1
191,846,1
257,846,1
499,846,1
925,846,1
1538,846,1
254,847,1
521,847,1
949,847,1
1231,847,1
1248,847,1
1460,847,1
1489,847,1
174,848,1
226,848,1
265,848,1
411,848,1
497,848,1
589,848,1
655,848,1
698,848,1
743,848,1
1362,848,1
1371,848,1
1464,848,1
48,849,1
601,849,1
691,849,1
1201,849,1
103,850,1
207,850,1
518,850,1
1154,850,1
1473,850,1
423,851,1
1096,852,1
228,853,1
340,853,1
442,853,1
679,853,1
999,853,1
1409,853,1
318,854,1
368,854,1
371,854,1
384,854,1
727,854,1
926,854,1
1208,854,1
1224,854,1
1299,854,1
1439,854,1
1468,854,1
95,855,1
222,855,1
384,855,1
853,855,1
1170,855,1
1260,855,1
1443,855,1
602,856,1
696,856,1
888,856,1
1013,856,1
161,857,1
617,857,1
813,857,1
825,857,1
1177,857,1
1467,857,1
669,858,1
791,858,1
1519,858,1
1017,859,1
1093,859,1
1273,859,1
1429,859,1
326,860,1
1237,860,1
48,861,1
283,862,1
397,862,1
510,862,1
699,862,1
702,862,1
1460,862,1
1548,862,1
144,863,1
1075,863,1
20,864,1
151,864,1
1375,864,1
899,867,1
1381,867,1
617,868,1
1245,868,1
170,869,1
551,869,1
712,869,1
1073,869,1
1159,869,1
111,870,1
426,870,1
599,870,1
766,870,1
1190,870,1
1473,870,1
315,871,1
545,871,1
969,871,1
1396,871,1
1425,871,1
1486,871,1
182,872,1
221,872,1
302,872,1
370,872,1
464,872,1
717,872,1
784,872,1
996,872,1
1017,872,1
1257,872,1
1484,872,1
173,873,1
1191,873,1
1339,873,1
200,874,1
367,874,1
1118,874,1
1322,874,1
156,875,1
683,875,1
878,875,1
248,876,1
550,876,1
1442,876,1
156,877,1
720,877,1
845,877,1
928,877,1
953,877,1
996,877,1
1006,877,1
34,878,1
144,878,1
875,878,1
522,879,1
840,879,1
795,880,1
17,881,1
26,881,1
75,881,1
735,881,1
1189,881,1
1367,881,1
722,882,1
792,882,1
795,882,1
86,883,1
711,883,1
715,883,1
1218,883,1
1307,883,1
1332,883,1
1463,883,1
1294,884,1
1492,884,1
545,885,1
703,885,1
710,885,1
969,885,1
1075,885,1
1470,885,1
64,886,1
544,886,1
1041,886,1
1054,886,1
1240,886,1
1308,886,1
1418,886,1
643,887,1
1347,887,1
1425,887,1
1466,887,1
1537,887,1
256,888,1
63,889,1
1047,889,1
1351,889,1
567,890,1
569,890,1
610,890,1
702,891,1
1224,891,1
1463,891,1
1518,891,1
157,892,1
424,892,1
442,892,1
538,892,1
1066,892,1
1129,892,1
1214,892,1
1219,892,1
1466,893,1
99,894,1
109,894,1
118,894,1
215,894,1
278,894,1
360,894,1
413,894,1
454,894,1
814,894,1
938,894,1
1128,894,1
1171,894,1
1205,894,1
34,895,1
109,895,1
261,895,1
295,895,1
612,895,1
952,895,1
1216,895,1
1223,895,1
1235,895,1
1244,895,1
1251,895,1
1509,895,1
81,896,1
1540,896,1
492,897,1
662,897,1
830,897,1
1060,897,1
642,898,1
1265,898,1
1486,898,1
166,899,1
529,899,1
867,899,1
902,899,1
1381,899,1
329,900,1
513,900,1
818,900,1
1506,900,1
1507,900,1
1513,900,1
47,901,1
682,901,1
809,901,1
1030,901,1
212,902,1
720,902,1
899,902,1
904,902,1
47,903,1
152,903,1
316,903,1
408,903,1
419,903,1
424,903,1
538,903,1
892,903,1
1219,903,1
288,904,1
651,904,1
1209,904,1
320,905,1
675,905,1
1309,905,1
521,906,1
103,907,1
321,907,1
1152,907,1
79,908,1
1408,908,1
160,909,1
1358,909,1
1408,909,1
296,910,1
312,910,1
696,910,1
963,910,1
973,910,1
1268,910,1
192,911,1
248,911,1
520,911,1
713,911,1
774,911,1
823,911,1
1073,911,1
1456,911,1
216,912,1
503,912,1
613,912,1
1380,912,1
444,913,1
607,914,1
996,914,1
1252,914,1
1257,914,1
352,915,1
354,915,1
601,916,1
657,916,1
690,916,1
390,917,1
1197,917,1
83,918,1
119,918,1
182,918,1
214,918,1
838,918,1
1018,918,1
1034,918,1
1278,918,1
1337,918,1
1344,918,1
1411,918,1
43,919,1
117,919,1
587,919,1
699,919,1
1030,919,1
1037,919,1
1244,919,1
1452,919,1
1509,919,1
453,920,1
612,920,1
973,920,1
59,921,1
162,921,1
275,921,1
975,921,1
1022,921,1
1151,921,1
1223,921,1
1240,921,1
1312,921,1
1502,921,1
1549,921,1
3,922,1
496,922,1
715,922,1
1081,922,1
1495,922,1
346,923,1
405,923,1
713,923,1
404,925,1
499,925,1
1285,925,1
1344,925,1
719,926,1
1051,926,1
1208,926,1
1319,926,1
1549,926,1
273,927,1
770,927,1
978,927,1
1303,927,1
326,928,1
763,928,1
860,928,1
877,928,1
953,928,1
1081,928,1
1237,928,1
1495,928,1
1548,928,1
23,929,1
25,929,1
235,929,1
413,929,1
531,929,1
940,929,1
952,929,1
1128,929,1
1205,929,1
161,930,1
910,930,1
109,931,1
490,931,1
632,931,1
835,931,1
1295,931,1
243,932,1
214,933,1
515,933,1
211,934,1
1469,934,1
1227,935,1
1268,935,1
278,936,1
845,936,1
1125,936,1
1391,936,1
293,937,1
562,937,1
698,938,1
894,938,1
966,938,1
591,939,1
764,939,1
989,939,1
1027,939,1
1111,939,1
1404,939,1
215,940,1
235,940,1
270,940,1
531,940,1
929,940,1
952,940,1
1155,940,1
1391,940,1
187,941,1
710,941,1
786,941,1
18,943,1
110,943,1
1014,943,1
100,944,1
726,944,1
959,944,1
182,945,1
205,945,1
526,945,1
1059,945,1
1480,945,1
15,946,1
1099,946,1
1417,946,1
291,948,1
528,948,1
765,948,1
1153,948,1
25,949,1
50,949,1
104,949,1
254,949,1
375,949,1
378,949,1
487,949,1
740,949,1
847,949,1
1248,949,1
1417,949,1
1470,949,1
1489,949,1
1538,949,1
121,950,1
805,950,1
1052,950,1
108,951,1
186,951,1
313,951,1
850,951,1
1085,951,1
1158,951,1
1173,951,1
1278,951,1
1302,951,1
25,952,1
413,952,1
531,952,1
895,952,1
929,952,1
955,952,1
1056,952,1
1128,952,1
1205,952,1
1273,952,1
363,953,1
1193,953,1
1548,953,1
525,954,1
790,954,1
1099,954,1
1308,954,1
52,955,1
165,955,1
636,955,1
688,955,1
952,955,1
1010,955,1
1056,955,1
1212,955,1
2,956,1
24,956,1
42,956,1
150,956,1
176,956,1
216,956,1
304,956,1
380,956,1
501,956,1
556,956,1
666,956,1
723,956,1
733,956,1
1085,956,1
1146,956,1
1300,956,1
1394,956,1
1411,956,1
654,957,1
824,958,1
1433,958,1
473,959,1
944,959,1
1070,959,1
160,961,1
758,961,1
270,963,1
296,963,1
696,963,1
820,963,1
910,963,1
1268,963,1
1294,963,1
1525,963,1
474,964,1
1455,964,1
1458,964,1
1030,965,1
1384,965,1
698,966,1
938,966,1
276,967,1
452,967,1
580,967,1
907,967,1
13,968,1
72,968,1
76,968,1
236,968,1
298,968,1
310,968,1
353,968,1
418,968,1
438,968,1
608,968,1
686,968,1
693,968,1
1187,968,1
1253,968,1
1273,968,1
1432,968,1
1535,968,1
1545,968,1
178,969,1
305,969,1
885,969,1
1135,969,1
1245,969,1
1305,969,1
1492,969,1
290,970,1
406,970,1
558,970,1
798,970,1
971,970,1
507,971,1
970,971,1
1119,971,1
328,972,1
1236,972,1
1305,972,1
684,973,1
361,974,1
425,975,1
834,975,1
937,975,1
1022,975,1
1035,975,1
1159,975,1
1308,975,1
1310,975,1
1393,975,1
43,976,1
160,976,1
180,976,1
328,976,1
703,976,1
924,976,1
1283,976,1
1441,976,1
1537,976,1
1134,977,1
1226,977,1
1299,977,1
33,979,1
441,979,1
645,979,1
1133,979,1
1181,979,1
37,980,1
408,980,1
818,980,1
1277,980,1
825,981,1
1268,981,1
341,982,1
574,982,1
687,982,1
1478,982,1
436,983,1
592,983,1
1326,983,1
1281,984,1
306,986,1
1138,986,1
1230,986,1
575,987,1
812,987,1
869,987,1
1027,987,1
1164,987,1
1222,987,1
350,988,1
683,988,1
718,988,1
991,988,1
1141,988,1
1362,988,1
1503,988,1
1505,988,1
813,989,1
939,989,1
1137,989,1
1387,989,1
176,990,1
768,990,1
1015,990,1
104,991,1
416,991,1
1539,991,1
45,992,1
50,992,1
279,992,1
817,992,1
994,992,1
1083,992,1
1257,992,1
256,994,1
835,994,1
992,994,1
1083,994,1
717,995,1
841,995,1
892,995,1
977,995,1
1066,995,1
1129,995,1
1256,995,1
202,996,1
206,996,1
592,996,1
641,996,1
914,996,1
983,996,1
1127,996,1
1252,996,1
1257,996,1
1454,996,1
197,997,1
737,997,1
770,997,1
397,998,1
524,998,1
914,998,1
1296,998,1
1370,998,1
1429,998,1
1501,998,1
1524,998,1
515,999,1
853,999,1
1454,999,1
277,1000,1
339,1000,1
397,1000,1
488,1000,1
1429,1000,1
1474,1000,1
1477,1000,1
1524,1000,1
205,1001,1
394,1001,1
668,1001,1
1536,1001,1
1197,1002,1
1487,1002,1
1226,1003,1
27,1005,1
471,1005,1
1098,1005,1
1184,1005,1
1245,1005,1
720,1006,1
771,1006,1
928,1006,1
585,1007,1
1191,1007,1
1495,1007,1
74,1008,1
689,1008,1
928,1008,1
222,1009,1
32,1010,1
517,1010,1
18,1011,1
662,1011,1
908,1011,1
1386,1011,1
1408,1011,1
672,1012,1
1457,1012,1
1054,1013,1
1231,1013,1
277,1014,1
474,1014,1
622,1014,1
751,1015,1
403,1016,1
655,1017,1
380,1018,1
965,1019,1
607,1020,1
773,1020,1
1311,1020,1
49,1021,1
731,1021,1
1206,1021,1
278,1023,1
447,1023,1
469,1023,1
530,1023,1
620,1023,1
810,1023,1
1391,1023,1
1528,1023,1
174,1024,1
683,1024,1
760,1024,1
878,1024,1
988,1024,1
1317,1024,1
1505,1024,1
111,1025,1
223,1025,1
429,1025,1
494,1025,1
599,1025,1
766,1025,1
870,1025,1
1245,1025,1
1276,1025,1
11,1026,1
466,1026,1
595,1026,1
812,1026,1
866,1026,1
1207,1026,1
1308,1026,1
764,1027,1
927,1027,1
939,1027,1
946,1027,1
1097,1027,1
1402,1027,1
125,1028,1
133,1028,1
385,1028,1
566,1028,1
923,1028,1
1077,1028,1
1359,1028,1
1541,1028,1
318,1029,1
102,1030,1
733,1030,1
735,1030,1
954,1030,1
986,1030,1
103,1031,1
371,1031,1
541,1031,1
735,1031,1
750,1031,1
1069,1031,1
1308,1031,1
1218,1032,1
98,1033,1
473,1033,1
1196,1033,1
54,1034,1
108,1034,1
216,1034,1
226,1034,1
305,1034,1
338,1034,1
358,1034,1
435,1034,1
1053,1034,1
1204,1034,1
1220,1034,1
1278,1034,1
468,1035,1
103,1036,1
247,1036,1
975,1036,1
1022,1036,1
1159,1036,1
1,1037,1
338,1037,1
510,1037,1
919,1037,1
1032,1037,1
1039,1037,1
1403,1037,1
1427,1037,1
1447,1037,1
1,1039,1
142,1039,1
510,1039,1
1185,1039,1
125,1040,1
594,1040,1
1228,1040,1
1463,1040,1
1464,1040,1
1392,1041,1
225,1042,1
250,1042,1
311,1042,1
374,1042,1
586,1042,1
600,1042,1
829,1042,1
1067,1042,1
1209,1042,1
1212,1042,1
1116,1043,1
550,1044,1
583,1045,1
1139,1045,1
757,1046,1
1433,1046,1
132,1047,1
291,1047,1
319,1047,1
806,1047,1
1065,1047,1
1068,1047,1
1288,1047,1
475,1048,1
30,1049,1
450,1049,1
608,1049,1
751,1049,1
1163,1049,1
1316,1049,1
1383,1049,1
1364,1050,1
296,1051,1
342,1051,1
753,1051,1
926,1051,1
1208,1051,1
1319,1051,1
173,1052,1
310,1052,1
611,1052,1
950,1052,1
54,1053,1
177,1053,1
209,1053,1
226,1053,1
338,1053,1
449,1053,1
472,1053,1
489,1053,1
589,1053,1
1034,1053,1
1013,1054,1
1079,1054,1
80,1055,1
232,1055,1
561,1055,1
1304,1055,1
36,1056,1
955,1056,1
61,1057,1
166,1057,1
174,1057,1
494,1057,1
589,1057,1
1119,1057,1
120,1059,1
135,1059,1
205,1059,1
1480,1059,1
1536,1059,1
168,1060,1
897,1060,1
1092,1060,1
1100,1060,1
755,1061,1
186,1062,1
221,1062,1
313,1062,1
441,1062,1
800,1062,1
979,1062,1
1176,1062,1
1529,1062,1
1372,1063,1
934,1064,1
1030,1064,1
1031,1064,1
1201,1064,1
1469,1064,1
319,1065,1
429,1065,1
440,1065,1
860,1065,1
1047,1065,1
1184,1065,1
89,1066,1
152,1066,1
220,1066,1
538,1066,1
892,1066,1
903,1066,1
1214,1066,1
1219,1066,1
8,1067,1
9,1067,1
231,1067,1
277,1067,1
418,1067,1
453,1067,1
483,1067,1
567,1067,1
586,1067,1
647,1067,1
909,1067,1
1042,1067,1
1065,1067,1
1157,1067,1
1165,1067,1
1187,1067,1
1253,1067,1
1358,1067,1
1475,1067,1
23,1068,1
1127,1068,1
285,1069,1
545,1069,1
601,1069,1
682,1069,1
726,1069,1
1245,1069,1
1427,1069,1
1466,1069,1
959,1070,1
873,1071,1
947,1072,1
1231,1072,1
1359,1072,1
869,1073,1
911,1073,1
1159,1073,1
1456,1073,1
614,1074,1
1076,1074,1
1288,1074,1
180,1075,1
885,1075,1
8,1076,1
9,1076,1
231,1076,1
418,1076,1
1065,1076,1
1074,1076,1
1081,1076,1
1339,1076,1
125,1077,1
133,1077,1
916,1077,1
923,1077,1
1302,1077,1
1306,1077,1
1406,1077,1
1498,1077,1
1539,1077,1
1220,1078,1
385,1079,1
553,1079,1
565,1079,1
627,1079,1
1029,1079,1
1145,1079,1
1277,1079,1
1362,1079,1
427,1080,1
596,1080,1
1291,1080,1
1547,1080,1
1397,1081,1
13,1082,1
155,1082,1
374,1082,1
620,1082,1
1081,1082,1
1545,1082,1
45,1083,1
50,1083,1
494,1083,1
515,1083,1
625,1083,1
992,1083,1
1084,1083,1
1346,1083,1
1468,1083,1
515,1084,1
96,1085,1
186,1085,1
304,1085,1
308,1085,1
417,1085,1
452,1085,1
501,1085,1
752,1085,1
827,1085,1
951,1085,1
970,1085,1
971,1085,1
1146,1085,1
1158,1085,1
1173,1085,1
1266,1085,1
1302,1085,1
1473,1085,1
930,1086,1
489,1087,1
177,1088,1
457,1088,1
1162,1088,1
1324,1088,1
1425,1088,1
703,1089,1
1269,1089,1
1402,1089,1
154,1090,1
740,1090,1
1186,1090,1
1254,1090,1
359,1091,1
612,1092,1
994,1093,1
26,1094,1
148,1095,1
664,1095,1
1164,1095,1
1402,1095,1
146,1096,1
749,1096,1
1101,1096,1
1313,1096,1
1397,1096,1
1520,1096,1
927,1097,1
1027,1097,1
1303,1097,1
16,1098,1
396,1098,1
689,1098,1
1005,1098,1
114,1099,1
204,1099,1
306,1099,1
333,1099,1
634,1099,1
786,1099,1
790,1099,1
933,1099,1
954,1099,1
1105,1099,1
1230,1099,1
621,1100,1
705,1100,1
994,1100,1
261,1101,1
491,1101,1
638,1101,1
388,1102,1
608,1102,1
621,1102,1
766,1102,1
1085,1102,1
1265,1102,1
413,1103,1
531,1103,1
669,1103,1
1155,1103,1
1174,1103,1
923,1104,1
1226,1104,1
1405,1104,1
1099,1105,1
213,1106,1
528,1106,1
788,1106,1
1465,1106,1
36,1107,1
340,1107,1
486,1107,1
853,1107,1
27,1108,1
185,1108,1
441,1108,1
470,1108,1
542,1108,1
600,1108,1
654,1108,1
655,1108,1
793,1108,1
875,1108,1
979,1108,1
995,1108,1
1017,1108,1
1102,1108,1
1122,1108,1
381,1109,1
92,1110,1
191,1110,1
322,1110,1
681,1110,1
821,1110,1
547,1111,1
774,1111,1
1204,1111,1
1250,1111,1
41,1112,1
104,1112,1
184,1112,1
309,1112,1
801,1112,1
949,1112,1
1013,1112,1
1226,1112,1
1398,1112,1
462,1113,1
471,1113,1
557,1113,1
1254,1113,1
1270,1113,1
25,1114,1
1378,1114,1
1546,1114,1
311,1115,1
651,1115,1
765,1115,1
1121,1115,1
44,1117,1
89,1117,1
315,1117,1
1398,1117,1
1413,1118,1
1435,1118,1
78,1119,1
455,1119,1
670,1119,1
1423,1119,1
302,1120,1
324,1120,1
1248,1120,1
63,1121,1
505,1121,1
196,1122,1
654,1122,1
798,1122,1
1133,1122,1
1176,1122,1
40,1123,1
97,1123,1
205,1123,1
483,1123,1
514,1123,1
765,1123,1
1059,1123,1
1141,1123,1
1215,1123,1
1301,1123,1
1323,1123,1
111,1124,1
188,1124,1
223,1124,1
234,1124,1
321,1124,1
833,1124,1
870,1124,1
967,1124,1
1117,1124,1
1152,1124,1
1154,1124,1
235,1125,1
332,1125,1
741,1125,1
810,1125,1
1079,1125,1
1391,1125,1
1528,1125,1
178,1126,1
1068,1127,1
1170,1127,1
1525,1127,1
202,1128,1
249,1128,1
1265,1128,1
1503,1128,1
157,1129,1
309,1129,1
442,1129,1
538,1129,1
541,1129,1
892,1129,1
903,1129,1
1066,1129,1
1219,1129,1
57,1130,1
1395,1130,1
1550,1132,1
104,1133,1
979,1133,1
1139,1133,1
1387,1133,1
1401,1133,1
1440,1133,1
1529,1133,1
51,1134,1
325,1134,1
408,1134,1
785,1134,1
977,1134,1
1539,1134,1
178,1135,1
320,1136,1
1220,1136,1
1224,1136,1
1274,1136,1
1443,1136,1
100,1137,1
349,1137,1
726,1137,1
989,1137,1
1445,1137,1
1532,1137,1
807,1138,1
986,1138,1
1164,1138,1
611,1139,1
939,1139,1
1527,1139,1
197,1140,1
305,1140,1
412,1140,1
655,1140,1
1133,1140,1
1411,1140,1
350,1141,1
988,1141,1
472,1142,1
1131,1142,1
1136,1142,1
1274,1142,1
377,1143,1
604,1143,1
819,1143,1
149,1144,1
282,1144,1
386,1144,1
731,1144,1
1295,1144,1
1400,1144,1
43,1145,1
117,1145,1
253,1145,1
384,1145,1
788,1145,1
810,1145,1
820,1145,1
825,1145,1
965,1145,1
1023,1145,1
1079,1145,1
1227,1145,1
1329,1145,1
1465,1145,1
699,1146,1
804,1146,1
1093,1146,1
623,1147,1
377,1148,1
428,1148,1
975,1151,1
1022,1151,1
518,1152,1
583,1152,1
676,1152,1
1442,1152,1
238,1153,1
585,1153,1
635,1153,1
948,1153,1
103,1154,1
251,1154,1
336,1154,1
850,1154,1
1089,1154,1
1124,1154,1
1236,1154,1
267,1157,1
505,1157,1
651,1157,1
1007,1157,1
1121,1157,1
1,1158,1
676,1158,1
823,1158,1
1236,1158,1
1036,1159,1
1073,1159,1
1151,1159,1
1308,1159,1
1310,1159,1
61,1160,1
332,1160,1
592,1160,1
655,1160,1
1119,1160,1
1464,1160,1
253,1161,1
684,1161,1
1441,1161,1
1517,1161,1
30,1163,1
205,1163,1
432,1163,1
529,1163,1
532,1163,1
608,1163,1
624,1163,1
680,1163,1
751,1163,1
1023,1163,1
1049,1163,1
1192,1163,1
1316,1163,1
1323,1163,1
1324,1163,1
1383,1163,1
1536,1163,1
103,1164,1
786,1164,1
807,1164,1
1269,1164,1
164,1165,1
223,1165,1
483,1165,1
581,1165,1
829,1165,1
84,1166,1
551,1166,1
758,1166,1
69,1167,1
871,1167,1
972,1167,1
1396,1167,1
1398,1167,1
69,1168,1
84,1168,1
551,1168,1
185,1169,1
690,1169,1
1140,1169,1
252,1170,1
302,1170,1
1398,1170,1
1525,1170,1
118,1171,1
215,1171,1
357,1171,1
360,1171,1
392,1171,1
530,1171,1
894,1171,1
1085,1171,1
1114,1171,1
1319,1171,1
1378,1171,1
1506,1171,1
1507,1171,1
1546,1171,1
371,1172,1
1439,1172,1
313,1173,1
357,1173,1
358,1173,1
360,1173,1
417,1173,1
670,1173,1
1085,1173,1
1247,1173,1
1272,1173,1
1316,1173,1
1526,1173,1
413,1174,1
531,1174,1
669,1174,1
940,1174,1
1155,1174,1
1173,1174,1
310,1175,1
488,1175,1
1096,1175,1
1520,1175,1
27,1176,1
33,1176,1
196,1176,1
247,1176,1
334,1176,1
410,1176,1
542,1176,1
599,1176,1
654,1176,1
1122,1176,1
1133,1176,1
1181,1176,1
1247,1176,1
1374,1176,1
269,1177,1
435,1177,1
468,1177,1
816,1177,1
1189,1177,1
1446,1177,1
1466,1177,1
1192,1178,1
1329,1178,1
1331,1178,1
1013,1179,1
1231,1179,1
98,1180,1
129,1180,1
493,1180,1
633,1180,1
1217,1180,1
1448,1180,1
1476,1180,1
33,1181,1
78,1181,1
334,1181,1
410,1181,1
451,1181,1
674,1181,1
1176,1181,1
1418,1181,1
713,1182,1
747,1182,1
1230,1182,1
156,1183,1
502,1183,1
636,1183,1
683,1183,1
799,1183,1
1102,1183,1
1272,1183,1
1503,1183,1
365,1184,1
582,1184,1
1010,1184,1
1195,1184,1
1223,1184,1
1482,1184,1
232,1185,1
510,1185,1
1037,1185,1
105,1186,1
740,1186,1
1090,1186,1
14,1187,1
72,1187,1
181,1187,1
231,1187,1
250,1187,1
298,1187,1
387,1187,1
418,1187,1
438,1187,1
491,1187,1
586,1187,1
637,1187,1
686,1187,1
705,1187,1
968,1187,1
1253,1187,1
1545,1187,1
511,1188,1
1040,1188,1
1294,1188,1
1318,1188,1
542,1189,1
1183,1189,1
870,1190,1
146,1191,1
553,1191,1
741,1191,1
749,1191,1
861,1191,1
865,1191,1
873,1191,1
1007,1191,1
1125,1191,1
1277,1191,1
171,1192,1
649,1192,1
720,1192,1
88,1193,1
238,1193,1
704,1193,1
953,1193,1
1336,1193,1
1441,1193,1
465,1194,1
687,1194,1
882,1194,1
1321,1194,1
1372,1194,1
1382,1194,1
1418,1194,1
365,1195,1
1010,1195,1
1184,1195,1
55,1196,1
98,1196,1
389,1196,1
473,1196,1
675,1196,1
1033,1196,1
1314,1196,1
1443,1196,1
550,1197,1
767,1197,1
1395,1197,1
1211,1198,1
1288,1198,1
1360,1198,1
933,1199,1
258,1200,1
285,1200,1
370,1200,1
566,1200,1
1028,1200,1
1140,1200,1
1258,1200,1
1359,1200,1
207,1202,1
814,1202,1
1199,1202,1
1456,1202,1
76,1203,1
506,1203,1
625,1203,1
373,1204,1
954,1204,1
99,1205,1
117,1205,1
446,1205,1
483,1205,1
531,1205,1
636,1205,1
699,1205,1
894,1205,1
929,1205,1
952,1205,1
1128,1205,1
1021,1206,1
1342,1206,1
431,1207,1
1375,1207,1
318,1208,1
368,1208,1
719,1208,1
854,1208,1
926,1208,1
1051,1208,1
1224,1208,1
1299,1208,1
651,1209,1
904,1209,1
95,1210,1
109,1210,1
529,1210,1
770,1210,1
855,1210,1
934,1210,1
199,1211,1
1101,1211,1
1198,1211,1
1212,1211,1
1288,1211,1
1360,1211,1
74,1212,1
225,1212,1
450,1212,1
480,1212,1
600,1212,1
955,1212,1
1042,1212,1
1056,1212,1
572,1213,1
195,1214,1
1066,1214,1
1134,1214,1
1219,1214,1
97,1215,1
261,1215,1
299,1215,1
394,1215,1
438,1215,1
514,1215,1
660,1215,1
861,1215,1
896,1215,1
1123,1215,1
1163,1215,1
1301,1215,1
1323,1215,1
1324,1215,1
1383,1215,1
1423,1215,1
1480,1215,1
1536,1215,1
1543,1215,1
46,1216,1
112,1216,1
625,1216,1
860,1216,1
895,1216,1
902,1216,1
1510,1216,1
1180,1217,1
202,1218,1
210,1218,1
804,1218,1
1506,1218,1
152,1219,1
157,1219,1
259,1219,1
309,1219,1
828,1219,1
892,1219,1
903,1219,1
924,1219,1
1066,1219,1
1217,1219,1
1254,1219,1
1258,1219,1
613,1221,1
799,1221,1
584,1222,1
812,1222,1
987,1222,1
434,1223,1
582,1223,1
1184,1223,1
448,1224,1
891,1224,1
1356,1224,1
114,1225,1
1230,1225,1
1302,1225,1
601,1226,1
977,1226,1
1235,1226,1
1256,1226,1
1268,1227,1
4,1228,1
626,1228,1
1040,1228,1
919,1229,1
1311,1229,1
1452,1229,1
273,1230,1
519,1230,1
747,1230,1
1182,1230,1
847,1231,1
1013,1231,1
1417,1231,1
412,1232,1
472,1232,1
797,1232,1
848,1232,1
1030,1232,1
1185,1232,1
1376,1232,1
815,1233,1
1476,1233,1
131,1234,1
803,1234,1
1004,1234,1
1100,1234,1
1397,1234,1
285,1235,1
717,1235,1
754,1235,1
1226,1235,1
46,1236,1
652,1236,1
1158,1236,1
326,1237,1
769,1237,1
860,1237,1
1410,1237,1
545,1238,1
556,1238,1
956,1238,1
1456,1238,1
921,1239,1
591,1240,1
257,1242,1
930,1243,1
60,1244,1
610,1244,1
715,1244,1
720,1244,1
771,1244,1
1006,1244,1
1509,1244,1
1515,1244,1
536,1245,1
390,1246,1
609,1246,1
835,1246,1
1063,1246,1
1382,1246,1
87,1247,1
461,1247,1
557,1247,1
743,1247,1
875,1247,1
1256,1247,1
1401,1247,1
1516,1247,1
324,1248,1
522,1248,1
847,1248,1
949,1248,1
1090,1248,1
547,1250,1
923,1250,1
1111,1250,1
1404,1250,1
32,1251,1
452,1251,1
895,1251,1
1285,1251,1
1447,1251,1
206,1252,1
354,1252,1
773,1252,1
914,1252,1
996,1252,1
1170,1252,1
1256,1252,1
1257,1252,1
86,1253,1
155,1253,1
218,1253,1
236,1253,1
438,1253,1
553,1253,1
693,1253,1
1008,1253,1
1047,1253,1
1067,1253,1
1092,1253,1
1274,1253,1
1535,1253,1
1150,1255,1
1090,1256,1
1254,1256,1
820,1257,1
872,1257,1
914,1257,1
992,1257,1
996,1257,1
1252,1257,1
1454,1257,1
157,1258,1
828,1258,1
924,1258,1
1281,1258,1
793,1259,1
1050,1259,1
1501,1259,1
95,1260,1
660,1260,1
199,1261,1
782,1261,1
1496,1261,1
51,1262,1
187,1262,1
212,1262,1
522,1262,1
681,1262,1
1474,1262,1
528,1263,1
821,1263,1
1467,1263,1
403,1264,1
773,1264,1
84,1265,1
89,1265,1
898,1265,1
1389,1265,1
1406,1265,1
96,1266,1
308,1266,1
383,1266,1
573,1266,1
653,1266,1
677,1266,1
685,1266,1
1159,1266,1
1394,1266,1
1456,1266,1
58,1267,1
84,1267,1
109,1267,1
1180,1267,1
384,1268,1
825,1268,1
981,1268,1
107,1269,1
350,1269,1
630,1269,1
815,1269,1
1109,1269,1
1164,1269,1
1439,1269,1
558,1270,1
584,1271,1
881,1271,1
156,1272,1
196,1272,1
299,1272,1
1122,1272,1
1173,1272,1
1183,1272,1
482,1274,1
726,1274,1
737,1274,1
1131,1274,1
1142,1274,1
548,1275,1
624,1275,1
661,1275,1
1301,1275,1
1324,1275,1
545,1276,1
925,1276,1
1254,1276,1
385,1277,1
1191,1277,1
305,1278,1
338,1278,1
339,1278,1
350,1278,1
417,1278,1
475,1278,1
503,1278,1
766,1278,1
918,1278,1
1034,1278,1
1126,1278,1
1089,1280,1
1318,1280,1
402,1281,1
457,1281,1
986,1281,1
159,1282,1
185,1282,1
404,1282,1
359,1283,1
197,1284,1
454,1284,1
494,1285,1
851,1285,1
925,1285,1
1251,1285,1
1288,1285,1
3,1287,1
1400,1287,1
1524,1287,1
689,1288,1
1074,1288,1
1211,1288,1
1413,1288,1
344,1289,1
495,1289,1
496,1289,1
585,1289,1
763,1289,1
779,1289,1
1068,1289,1
1361,1289,1
1481,1289,1
1521,1289,1
370,1290,1
799,1290,1
806,1290,1
1367,1290,1
1413,1290,1
427,1291,1
685,1291,1
901,1291,1
1080,1291,1
498,1292,1
588,1292,1
1139,1292,1
498,1293,1
233,1294,1
736,1294,1
963,1294,1
1047,1294,1
1299,1294,1
1318,1294,1
1549,1294,1
478,1295,1
621,1295,1
669,1295,1
731,1295,1
973,1295,1
62,1296,1
146,1296,1
279,1296,1
709,1296,1
741,1296,1
1429,1296,1
1524,1296,1
293,1297,1
383,1297,1
556,1297,1
685,1297,1
986,1297,1
1085,1297,1
1426,1297,1
48,1298,1
272,1298,1
429,1298,1
451,1298,1
587,1298,1
427,1300,1
596,1300,1
789,1300,1
956,1300,1
1080,1300,1
1128,1300,1
1291,1300,1
1344,1300,1
548,1301,1
691,1301,1
1215,1301,1
1275,1301,1
1324,1301,1
597,1302,1
273,1303,1
927,1303,1
1099,1303,1
1150,1303,1
80,1304,1
228,1304,1
232,1304,1
561,1304,1
605,1304,1
726,1304,1
1055,1304,1
1227,1304,1
1150,1305,1
58,1306,1
1077,1306,1
1318,1306,1
954,1308,1
47,1309,1
328,1309,1
663,1309,1
679,1309,1
903,1309,1
905,1309,1
960,1309,1
976,1309,1
1305,1309,1
1320,1309,1
162,1310,1
164,1310,1
425,1310,1
712,1310,1
834,1310,1
937,1310,1
975,1310,1
1022,1310,1
1151,1310,1
1159,1310,1
1312,1310,1
447,1311,1
162,1312,1
813,1312,1
975,1312,1
1073,1312,1
1151,1312,1
1159,1312,1
1222,1312,1
218,1313,1
1096,1313,1
1252,1313,1
1257,1313,1
211,1314,1
1128,1314,1
1196,1314,1
1443,1314,1
385,1315,1
33,1316,1
226,1316,1
358,1316,1
951,1316,1
1023,1316,1
1049,1316,1
1053,1316,1
1158,1316,1
1163,1316,1
1263,1316,1
130,1317,1
670,1317,1
760,1317,1
1484,1317,1
1503,1317,1
242,1318,1
511,1318,1
1188,1318,1
1294,1318,1
753,1319,1
926,1319,1
1051,1319,1
1463,1319,1
43,1320,1
312,1320,1
328,1320,1
663,1320,1
679,1320,1
1305,1320,1
1309,1320,1
1333,1320,1
377,1321,1
465,1321,1
570,1321,1
997,1321,1
201,1323,1
297,1323,1
299,1323,1
660,1323,1
1123,1323,1
1215,1323,1
359,1324,1
624,1324,1
1088,1324,1
393,1325,1
704,1325,1
170,1326,1
376,1326,1
436,1326,1
503,1326,1
538,1326,1
808,1326,1
983,1326,1
1422,1326,1
238,1327,1
1478,1327,1
201,1328,1
261,1328,1
297,1328,1
299,1328,1
636,1328,1
1481,1328,1
139,1329,1
237,1329,1
253,1329,1
622,1329,1
658,1329,1
1106,1329,1
1145,1329,1
1465,1329,1
726,1330,1
112,1331,1
246,1331,1
614,1331,1
1178,1331,1
1367,1331,1
314,1332,1
694,1332,1
883,1332,1
264,1333,1
328,1333,1
419,1333,1
547,1333,1
623,1333,1
663,1333,1
1196,1333,1
170,1334,1
376,1334,1
436,1334,1
503,1334,1
713,1334,1
1326,1334,1
174,1335,1
229,1335,1
265,1335,1
88,1336,1
242,1336,1
87,1337,1
119,1337,1
182,1337,1
226,1337,1
589,1337,1
918,1337,1
1526,1337,1
380,1338,1
530,1338,1
574,1338,1
1018,1338,1
1262,1338,1
731,1339,1
873,1339,1
109,1340,1
1325,1340,1
1337,1340,1
717,1342,1
866,1342,1
1466,1342,1
358,1343,1
550,1343,1
676,1343,1
685,1344,1
358,1345,1
45,1346,1
50,1346,1
256,1346,1
1083,1346,1
1336,1346,1
1468,1346,1
78,1347,1
254,1347,1
521,1347,1
1392,1347,1
288,1348,1
668,1348,1
669,1348,1
1088,1348,1
1174,1348,1
1324,1348,1
270,1349,1
499,1349,1
970,1349,1
1232,1349,1
1530,1350,1
81,1351,1
132,1351,1
1356,1351,1
1377,1351,1
307,1352,1
536,1352,1
579,1352,1
676,1352,1
750,1352,1
754,1352,1
807,1352,1
1442,1352,1
263,1353,1
449,1353,1
461,1353,1
526,1353,1
769,1353,1
904,1353,1
1008,1353,1
1053,1353,1
1162,1353,1
1423,1353,1
117,1354,1
125,1354,1
219,1354,1
283,1354,1
385,1354,1
767,1354,1
862,1354,1
1263,1354,1
1452,1354,1
281,1355,1
425,1355,1
433,1355,1
1526,1355,1
429,1356,1
1550,1356,1
11,1357,1
490,1357,1
812,1357,1
1061,1357,1
1063,1357,1
1375,1357,1
1457,1357,1
453,1358,1
586,1358,1
909,1358,1
642,1359,1
949,1359,1
1182,1359,1
1230,1359,1
277,1360,1
298,1360,1
585,1360,1
636,1360,1
1014,1360,1
1211,1360,1
344,1361,1
625,1361,1
763,1361,1
858,1361,1
1,1362,1
265,1362,1
327,1362,1
411,1362,1
563,1362,1
593,1362,1
666,1362,1
694,1362,1
743,1362,1
848,1362,1
894,1362,1
988,1362,1
1419,1362,1
1473,1362,1
1507,1362,1
1515,1362,1
472,1363,1
499,1363,1
594,1363,1
1131,1363,1
1050,1364,1
1196,1364,1
459,1365,1
1367,1365,1
1516,1365,1
120,1366,1
353,1366,1
446,1366,1
488,1366,1
680,1366,1
920,1366,1
1428,1366,1
354,1367,1
288,1368,1
618,1368,1
767,1368,1
769,1368,1
778,1368,1
1006,1368,1
1216,1368,1
1237,1368,1
1244,1368,1
1298,1368,1
1324,1368,1
1354,1368,1
1370,1368,1
1509,1368,1
60,1369,1
418,1369,1
461,1369,1
647,1369,1
661,1369,1
718,1369,1
1383,1369,1
73,1370,1
492,1370,1
1493,1370,1
265,1371,1
698,1371,1
797,1371,1
966,1371,1
1141,1371,1
1515,1371,1
59,1372,1
425,1372,1
835,1372,1
1061,1372,1
1063,1372,1
1194,1372,1
1382,1372,1
604,1373,1
845,1373,1
1251,1373,1
1298,1373,1
27,1374,1
119,1374,1
226,1374,1
247,1374,1
542,1374,1
654,1374,1
674,1374,1
1176,1374,1
1337,1374,1
71,1375,1
366,1375,1
390,1375,1
755,1375,1
105,1376,1
138,1376,1
440,1376,1
462,1376,1
872,1376,1
1267,1376,1
1467,1376,1
1484,1376,1
81,1377,1
496,1377,1
813,1377,1
122,1378,1
357,1378,1
360,1378,1
392,1378,1
814,1378,1
1114,1378,1
1171,1378,1
1546,1378,1
62,1379,1
233,1379,1
669,1379,1
804,1379,1
1256,1379,1
1384,1379,1
1460,1379,1
613,1380,1
1344,1380,1
96,1381,1
159,1381,1
457,1381,1
711,1381,1
760,1381,1
804,1381,1
867,1381,1
899,1381,1
978,1381,1
1043,1381,1
1174,1381,1
1377,1381,1
1423,1381,1
1456,1381,1
1510,1381,1
1534,1381,1
1548,1381,1
59,1382,1
687,1382,1
1194,1382,1
1246,1382,1
1372,1382,1
1527,1382,1
461,1383,1
526,1383,1
608,1383,1
1163,1383,1
62,1384,1
130,1384,1
165,1384,1
288,1384,1
510,1384,1
965,1384,1
1039,1384,1
1379,1384,1
68,1385,1
171,1385,1
495,1385,1
649,1385,1
684,1385,1
1481,1385,1
1495,1385,1
348,1386,1
550,1386,1
570,1386,1
672,1386,1
841,1386,1
1486,1386,1
412,1387,1
454,1387,1
989,1387,1
1529,1387,1
46,1388,1
238,1388,1
312,1388,1
387,1388,1
635,1388,1
651,1388,1
781,1388,1
963,1388,1
1265,1389,1
125,1390,1
251,1390,1
426,1390,1
527,1390,1
546,1390,1
570,1390,1
766,1390,1
789,1390,1
1041,1390,1
1154,1390,1
1389,1390,1
118,1391,1
215,1391,1
331,1391,1
332,1391,1
883,1391,1
940,1391,1
1125,1391,1
1528,1391,1
136,1392,1
302,1392,1
324,1392,1
834,1393,1
967,1393,1
1239,1393,1
1258,1393,1
192,1394,1
308,1394,1
1214,1394,1
1266,1394,1
567,1395,1
1197,1395,1
801,1396,1
871,1396,1
1112,1396,1
1167,1396,1
757,1397,1
1081,1397,1
1096,1397,1
1141,1397,1
41,1398,1
69,1398,1
158,1398,1
309,1398,1
801,1398,1
1013,1398,1
1112,1398,1
1167,1398,1
1396,1398,1
84,1399,1
758,1399,1
1168,1399,1
1267,1399,1
49,1400,1
478,1400,1
731,1400,1
900,1400,1
1021,1400,1
1339,1400,1
334,1401,1
705,1401,1
769,1401,1
991,1401,1
1053,1401,1
1070,1401,1
1247,1401,1
1521,1401,1
525,1402,1
1089,1402,1
1164,1402,1
1439,1402,1
23,1403,1
62,1403,1
102,1403,1
165,1403,1
521,1403,1
587,1403,1
929,1403,1
999,1403,1
1037,1403,1
1185,1403,1
1268,1403,1
1379,1403,1
547,1404,1
591,1404,1
764,1404,1
1111,1404,1
1250,1404,1
87,1405,1
166,1405,1
348,1405,1
799,1405,1
1104,1405,1
592,1406,1
983,1406,1
139,1407,1
709,1407,1
759,1407,1
994,1407,1
1193,1407,1
18,1408,1
79,1408,1
613,1408,1
667,1408,1
1457,1408,1
1189,1409,1
3,1410,1
216,1410,1
227,1410,1
308,1410,1
383,1410,1
802,1410,1
1237,1410,1
1266,1410,1
1411,1410,1
723,1411,1
1140,1411,1
1419,1411,1
1421,1411,1
82,1412,1
468,1412,1
622,1412,1
772,1412,1
1093,1412,1
58,1413,1
179,1413,1
806,1413,1
1118,1413,1
1251,1413,1
105,1416,1
381,1416,1
109,1417,1
152,1417,1
220,1417,1
254,1417,1
302,1417,1
309,1417,1
324,1417,1
375,1417,1
378,1417,1
424,1417,1
717,1417,1
847,1417,1
903,1417,1
949,1417,1
1129,1417,1
1137,1417,1
1248,1417,1
1347,1417,1
1448,1417,1
1415,1418,1
1498,1418,1
797,1419,1
1362,1419,1
215,1420,1
245,1420,1
520,1420,1
829,1420,1
893,1420,1
1139,1420,1
1211,1420,1
1447,1420,1
133,1421,1
1411,1421,1
1473,1421,1
436,1422,1
623,1422,1
402,1423,1
423,1423,1
482,1423,1
1119,1423,1
1274,1423,1
1283,1423,1
682,1424,1
1427,1424,1
871,1425,1
1333,1425,1
494,1426,1
1459,1426,1
114,1427,1
682,1427,1
726,1427,1
1307,1427,1
120,1428,1
353,1428,1
680,1428,1
1163,1428,1
1215,1428,1
1366,1428,1
1536,1428,1
279,1429,1
397,1429,1
741,1429,1
1000,1429,1
1296,1429,1
427,1430,1
963,1430,1
1043,1430,1
629,1431,1
821,1431,1
1094,1431,1
1139,1431,1
438,1432,1
968,1432,1
1082,1432,1
1123,1432,1
1251,1432,1
35,1433,1
757,1433,1
824,1433,1
79,1434,1
181,1434,1
236,1434,1
298,1434,1
1008,1434,1
1192,1434,1
1118,1435,1
766,1436,1
1184,1436,1
161,1437,1
377,1437,1
581,1437,1
829,1437,1
1431,1437,1
1471,1437,1
5,1439,1
98,1439,1
371,1439,1
1172,1439,1
1402,1439,1
1133,1440,1
1529,1440,1
726,1441,1
1161,1441,1
1330,1441,1
1517,1441,1
550,1442,1
652,1442,1
833,1442,1
946,1442,1
1027,1442,1
1094,1442,1
1139,1442,1
1152,1442,1
1177,1442,1
1352,1442,1
1502,1442,1
5,1443,1
55,1443,1
95,1443,1
629,1443,1
1314,1443,1
1422,1443,1
1469,1443,1
11,1444,1
994,1444,1
1063,1444,1
1372,1444,1
1382,1444,1
485,1445,1
726,1445,1
1161,1445,1
1330,1445,1
108,1446,1
435,1446,1
468,1446,1
499,1446,1
790,1446,1
805,1446,1
812,1446,1
816,1446,1
857,1446,1
869,1446,1
954,1446,1
1099,1446,1
1177,1446,1
1239,1446,1
23,1447,1
510,1447,1
587,1447,1
669,1447,1
919,1447,1
1015,1447,1
1032,1447,1
1037,1447,1
1110,1447,1
1173,1447,1
1251,1447,1
1384,1447,1
1403,1447,1
1420,1447,1
15,1448,1
107,1448,1
129,1448,1
456,1448,1
493,1448,1
604,1448,1
619,1448,1
1180,1448,1
1347,1448,1
517,1449,1
582,1449,1
689,1449,1
1448,1449,1
1475,1449,1
155,1450,1
341,1450,1
524,1450,1
1000,1450,1
1474,1450,1
125,1452,1
327,1452,1
1354,1452,1
321,1453,1
336,1453,1
570,1453,1
652,1453,1
1236,1453,1
145,1454,1
294,1454,1
1127,1454,1
27,1455,1
310,1455,1
353,1455,1
1428,1455,1
1461,1455,1
774,1456,1
911,1456,1
1266,1456,1
1381,1456,1
1426,1456,1
59,1457,1
624,1457,1
672,1457,1
76,1458,1
474,1458,1
964,1458,1
83,1459,1
350,1459,1
1426,1459,1
1544,1459,1
283,1460,1
521,1460,1
847,1460,1
1197,1460,1
1379,1460,1
370,1461,1
471,1461,1
813,1461,1
1262,1461,1
422,1462,1
76,1463,1
258,1463,1
448,1463,1
851,1463,1
1040,1463,1
1228,1463,1
262,1464,1
265,1464,1
411,1464,1
655,1464,1
698,1464,1
782,1464,1
851,1464,1
1537,1464,1
73,1465,1
149,1465,1
213,1465,1
253,1465,1
1106,1465,1
1116,1465,1
1145,1465,1
1313,1465,1
1329,1465,1
53,1466,1
1069,1466,1
121,1467,1
138,1467,1
440,1467,1
527,1467,1
805,1467,1
841,1467,1
851,1467,1
857,1467,1
1263,1467,1
1386,1467,1
45,1468,1
50,1468,1
256,1468,1
368,1468,1
384,1468,1
727,1468,1
854,1468,1
1083,1468,1
1346,1468,1
204,1469,1
934,1469,1
248,1470,1
757,1470,1
949,1470,1
1315,1470,1
1377,1471,1
317,1472,1
718,1472,1
1332,1472,1
133,1473,1
452,1473,1
533,1473,1
593,1473,1
809,1473,1
1028,1473,1
1421,1473,1
262,1474,1
511,1474,1
1000,1474,1
1023,1474,1
1198,1474,1
1243,1474,1
1450,1474,1
582,1475,1
613,1475,1
1449,1475,1
174,1477,1
1000,1477,1
1524,1477,1
1336,1478,1
1455,1478,1
263,1480,1
526,1480,1
548,1480,1
668,1480,1
1123,1480,1
1275,1480,1
1353,1480,1
649,1481,1
799,1481,1
1101,1481,1
1288,1481,1
1331,1481,1
55,1483,1
83,1483,1
150,1483,1
192,1483,1
207,1483,1
495,1483,1
504,1483,1
547,1483,1
556,1483,1
691,1483,1
1459,1483,1
1544,1483,1
258,1484,1
489,1484,1
557,1484,1
683,1484,1
872,1484,1
1024,1484,1
1317,1484,1
1376,1484,1
1386,1484,1
20,1485,1
109,1485,1
858,1485,1
1037,1485,1
1244,1485,1
1332,1485,1
550,1486,1
841,1486,1
1386,1486,1
1424,1486,1
296,1487,1
758,1487,1
905,1487,1
397,1488,1
1000,1488,1
1509,1488,1
254,1489,1
949,1489,1
963,1489,1
1248,1489,1
100,1491,1
944,1491,1
969,1492,1
1370,1493,1
318,1494,1
541,1494,1
1201,1494,1
3,1495,1
200,1495,1
495,1495,1
496,1495,1
759,1495,1
922,1495,1
1007,1495,1
1192,1495,1
1289,1495,1
1496,1495,1
759,1496,1
782,1496,1
1092,1496,1
1209,1496,1
1495,1496,1
248,1497,1
545,1497,1
1490,1497,1
89,1498,1
518,1498,1
1539,1498,1
1549,1498,1
164,1499,1
420,1499,1
433,1499,1
241,1500,1
346,1500,1
443,1500,1
885,1500,1
969,1500,1
408,1501,1
737,1501,1
1259,1501,1
1423,1501,1
275,1502,1
544,1502,1
921,1502,1
249,1503,1
454,1503,1
1128,1503,1
1317,1503,1
1505,1503,1
866,1504,1
197,1505,1
249,1505,1
683,1505,1
865,1505,1
878,1505,1
988,1505,1
1024,1505,1
1201,1505,1
1317,1505,1
1344,1505,1
1503,1505,1
1547,1505,1
169,1506,1
202,1506,1
255,1506,1
530,1506,1
818,1506,1
919,1506,1
965,1506,1
1171,1506,1
1218,1506,1
1284,1506,1
1508,1506,1
118,1507,1
169,1507,1
202,1507,1
203,1507,1
255,1507,1
623,1507,1
900,1507,1
1171,1507,1
1218,1507,1
1362,1507,1
1506,1507,1
1508,1507,1
1513,1507,1
202,1508,1
215,1508,1
255,1508,1
285,1508,1
503,1508,1
699,1508,1
868,1508,1
919,1508,1
1506,1508,1
48,1509,1
288,1509,1
397,1509,1
861,1509,1
895,1509,1
1000,1509,1
1244,1509,1
1368,1509,1
1488,1509,1
344,1510,1
681,1510,1
821,1510,1
822,1510,1
867,1510,1
1413,1510,1
583,1511,1
812,1511,1
1139,1511,1
111,1512,1
188,1512,1
305,1512,1
307,1512,1
338,1512,1
358,1512,1
426,1512,1
642,1512,1
652,1512,1
823,1512,1
838,1512,1
977,1512,1
995,1512,1
1134,1512,1
1214,1512,1
1226,1512,1
47,1513,1
152,1513,1
262,1513,1
270,1513,1
349,1513,1
424,1513,1
1055,1513,1
1084,1513,1
1548,1513,1
36,1514,1
165,1514,1
226,1514,1
337,1514,1
409,1514,1
412,1514,1
716,1514,1
970,1514,1
997,1514,1
1054,1514,1
1274,1514,1
1284,1514,1
60,1515,1
265,1515,1
737,1515,1
992,1515,1
1141,1515,1
1244,1515,1
1371,1515,1
1419,1515,1
459,1516,1
692,1516,1
1017,1516,1
1365,1516,1
563,1517,1
950,1517,1
1161,1517,1
1441,1517,1
367,1519,1
492,1519,1
585,1519,1
609,1519,1
632,1519,1
669,1519,1
845,1519,1
858,1519,1
1155,1519,1
1451,1519,1
310,1520,1
353,1520,1
488,1520,1
607,1520,1
1081,1520,1
1096,1520,1
1175,1520,1
16,1521,1
1289,1521,1
1481,1521,1
13,1522,1
14,1522,1
72,1522,1
189,1522,1
230,1522,1
236,1522,1
356,1522,1
438,1522,1
453,1522,1
524,1522,1
600,1522,1
693,1522,1
968,1522,1
1082,1522,1
1187,1522,1
1520,1522,1
1535,1522,1
1545,1522,1
626,1523,1
773,1523,1
1520,1523,1
117,1524,1
397,1524,1
1000,1524,1
1429,1524,1
1477,1524,1
1509,1524,1
1170,1525,1
80,1526,1
1529,1526,1
988,1527,1
1139,1527,1
1177,1527,1
1382,1527,1
278,1528,1
332,1528,1
620,1528,1
810,1528,1
855,1528,1
1023,1528,1
1391,1528,1
1477,1528,1
1524,1528,1
500,1529,1
1387,1529,1
827,1530,1
714,1531,1
228,1532,1
349,1532,1
442,1532,1
753,1532,1
846,1532,1
853,1532,1
1504,1532,1
1530,1532,1
33,1533,1
262,1533,1
993,1533,1
402,1534,1
690,1534,1
72,1535,1
181,1535,1
236,1535,1
349,1535,1
446,1535,1
608,1535,1
647,1535,1
693,1535,1
920,1535,1
1082,1535,1
1187,1535,1
1253,1535,1
1366,1535,1
1428,1535,1
1545,1535,1
72,1536,1
1001,1536,1
1163,1536,1
1428,1536,1
232,1537,1
342,1537,1
753,1537,1
797,1537,1
1464,1537,1
378,1538,1
680,1539,1
289,1540,1
526,1540,1
683,1540,1
762,1540,1
896,1540,1
966,1540,1
1024,1540,1
1353,1540,1
42,1541,1
207,1541,1
216,1541,1
417,1541,1
676,1541,1
685,1541,1
1215,1543,1
1314,1544,1
146,1545,1
310,1545,1
314,1545,1
488,1545,1
565,1545,1
392,1546,1
566,1546,1
1114,1546,1
1378,1546,1
31,1547,1
78,1547,1
136,1547,1
195,1547,1
305,1547,1
348,1547,1
604,1547,1
644,1547,1
159,1548,1
242,1548,1
363,1548,1
1318,1548,1
21,1549,1
69,1549,1
518,1549,1
786,1549,1
1269,1549,1
1294,1549,1
1498,1549,1
166,1550,1
270,1550,1
429,1550,1
1132,1550,1
1356,1550,1
1367,1550,1
1530,1550,1
